Attack Count,Refugee Count (origin),Country of origin (ISO),iso3,iyear,country
3,500000,AFG,AFG,1979,Afghanistan
1,5511740,AFG,AFG,1987,Afghanistan
11,5622982,AFG,AFG,1988,Afghanistan
10,5643989,AFG,AFG,1989,Afghanistan
2,6339095,AFG,AFG,1990,Afghanistan
30,6306301,AFG,AFG,1991,Afghanistan
36,4552153,AFG,AFG,1992,Afghanistan
9,2731166,AFG,AFG,1994,Afghanistan
6,2679132,AFG,AFG,1995,Afghanistan
4,2674234,AFG,AFG,1996,Afghanistan
1,2676675,AFG,AFG,1997,Afghanistan
1,2667118,AFG,AFG,1998,Afghanistan
9,2601690,AFG,AFG,1999,Afghanistan
14,3587327,AFG,AFG,2000,Afghanistan
14,3809763,AFG,AFG,2001,Afghanistan
38,2510294,AFG,AFG,2002,Afghanistan
100,2136039,AFG,AFG,2003,Afghanistan
88,2414460,AFG,AFG,2004,Afghanistan
155,2166139,AFG,AFG,2005,Afghanistan
283,2107510,AFG,AFG,2006,Afghanistan
342,3057655,AFG,AFG,2007,Afghanistan
414,2833116,AFG,AFG,2008,Afghanistan
503,2887114,AFG,AFG,2009,Afghanistan
542,3054699,AFG,AFG,2010,Afghanistan
421,2664423,AFG,AFG,2011,Afghanistan
1469,2586132,AFG,AFG,2012,Afghanistan
1443,2556483,AFG,AFG,2013,Afghanistan
1824,2596259,AFG,AFG,2014,Afghanistan
1928,2666294,AFG,AFG,2015,Afghanistan
1616,2501447,AFG,AFG,2016,Afghanistan
1415,2624265,AFG,AFG,2017,Afghanistan
1777,2681267,AFG,AFG,2018,Afghanistan
1806,2727556,AFG,AFG,2019,Afghanistan
2604,2594827,AFG,AFG,2020,Afghanistan
1453,2712869,AFG,AFG,2021,Afghanistan
3,421500,AGO,AGO,1972,Angola
1,426550,AGO,AGO,1973,Angola
2,529830,AGO,AGO,1977,Angola
2,646110,AGO,AGO,1978,Angola
3,652980,AGO,AGO,1979,Angola
1,457060,AGO,AGO,1981,Angola
2,465890,AGO,AGO,1982,Angola
7,298110,AGO,AGO,1983,Angola
14,357821,AGO,AGO,1984,Angola
6,317392,AGO,AGO,1985,Angola
5,355412,AGO,AGO,1986,Angola
3,391733,AGO,AGO,1987,Angola
13,407566,AGO,AGO,1988,Angola
12,408692,AGO,AGO,1989,Angola
205,407760,AGO,AGO,1990,Angola
22,381638,AGO,AGO,1991,Angola
55,300494,AGO,AGO,1992,Angola
15,282570,AGO,AGO,1994,Angola
16,246653,AGO,AGO,1995,Angola
17,249686,AGO,AGO,1996,Angola
12,267687,AGO,AGO,1997,Angola
20,319420,AGO,AGO,1998,Angola
34,353472,AGO,AGO,1999,Angola
22,433756,AGO,AGO,2000,Angola
40,470616,AGO,AGO,2001,Angola
6,435415,AGO,AGO,2002,Angola
1,141006,AGO,AGO,2009,Angola
2,134851,AGO,AGO,2010,Angola
2,8388,AGO,AGO,2016,Angola
6,8292,AGO,AGO,2017,Angola
1,8176,AGO,AGO,2019,Angola
1,8196,AGO,AGO,2020,Angola
1,1680,ALB,ALB,1981,Albania
1,1822,ALB,ALB,1990,Albania
1,3542,ALB,ALB,1991,Albania
3,4355,ALB,ALB,1992,Albania
2,5021,ALB,ALB,1994,Albania
6,5784,ALB,ALB,1996,Albania
41,5381,ALB,ALB,1997,Albania
7,5353,ALB,ALB,1998,Albania
3,6286,ALB,ALB,1999,Albania
2,6801,ALB,ALB,2000,Albania
1,7627,ALB,ALB,2001,Albania
1,10382,ALB,ALB,2003,Albania
1,15707,ALB,ALB,2009,Albania
1,10104,ALB,ALB,2013,Albania
2,10156,ALB,ALB,2014,Albania
4,10404,ALB,ALB,2015,Albania
2,11060,ALB,ALB,2016,Albania
1,12168,ALB,ALB,2017,Albania
1,15027,ALB,ALB,2019,Albania
1,15523,ALB,ALB,2020,Albania
1,19847,ALB,ALB,2021,Albania
2,418,ARE,ARE,2010,United Arab Emirates
1,84,ARE,ARE,2013,United Arab Emirates
2,84,ARE,ARE,2014,United Arab Emirates
6,38,ARG,ARG,1980,Argentina
2,38,ARG,ARG,1981,Argentina
9,1019,ARG,ARG,1982,Argentina
18,42,ARG,ARG,1983,Argentina
46,42,ARG,ARG,1984,Argentina
43,51,ARG,ARG,1985,Argentina
33,52,ARG,ARG,1986,Argentina
80,47,ARG,ARG,1987,Argentina
33,46,ARG,ARG,1988,Argentina
32,103,ARG,ARG,1989,Argentina
31,332,ARG,ARG,1990,Argentina
27,196,ARG,ARG,1991,Argentina
41,111,ARG,ARG,1992,Argentina
14,467,ARG,ARG,1994,Argentina
16,330,ARG,ARG,1995,Argentina
19,218,ARG,ARG,1996,Argentina
11,157,ARG,ARG,1997,Argentina
1,585,ARG,ARG,1999,Argentina
2,660,ARG,ARG,2001,Argentina
1,777,ARG,ARG,2003,Argentina
3,850,ARG,ARG,2005,Argentina
1,604,ARG,ARG,2009,Argentina
5,553,ARG,ARG,2010,Argentina
1,506,ARG,ARG,2011,Argentina
2,435,ARG,ARG,2012,Argentina
2,381,ARG,ARG,2013,Argentina
1,311,ARG,ARG,2014,Argentina
1,186,ARG,ARG,2015,Argentina
2,120,ARG,ARG,2016,Argentina
3,121,ARG,ARG,2017,Argentina
5,112,ARG,ARG,2018,Argentina
1,99,ARG,ARG,2019,Argentina
5,99,ARG,ARG,2020,Argentina
2,124,ARG,ARG,2021,Argentina
2,195000,ARM,ARM,1992,Armenia
4,201837,ARM,ARM,1994,Armenia
1,201439,ARM,ARM,1995,Armenia
1,203232,ARM,ARM,1996,Armenia
2,193147,ARM,ARM,1998,Armenia
2,193228,ARM,ARM,1999,Armenia
2,5787,ARM,ARM,2000,Armenia
2,7206,ARM,ARM,2001,Armenia
1,15435,ARM,ARM,2007,Armenia
1,18004,ARM,ARM,2009,Armenia
1,11995,ARM,ARM,2013,Armenia
2,11211,ARM,ARM,2015,Armenia
2,10707,ARM,ARM,2016,Armenia
1,11040,ARM,ARM,2018,Armenia
1,0,AUS,AUS,2000,Australia
2,0,AUS,AUS,2001,Australia
2,29,AUS,AUS,2006,Australia
1,37,AUS,AUS,2008,Australia
1,23,AUS,AUS,2009,Australia
1,38,AUS,AUS,2010,Australia
1,27,AUS,AUS,2013,Australia
8,27,AUS,AUS,2014,Australia
12,21,AUS,AUS,2015,Australia
9,15,AUS,AUS,2016,Australia
4,10,AUS,AUS,2017,Australia
3,10,AUS,AUS,2018,Australia
2,20,AUS,AUS,2019,Australia
5,20,AUS,AUS,2020,Australia
1,16,AUS,AUS,2021,Australia
5,60,AUT,AUT,1994,Austria
12,49,AUT,AUT,1995,Austria
4,53,AUT,AUT,1996,Austria
1,54,AUT,AUT,1997,Austria
1,63,AUT,AUT,1998,Austria
1,30,AUT,AUT,2006,Austria
1,19,AUT,AUT,2007,Austria
7,15,AUT,AUT,2008,Austria
3,15,AUT,AUT,2009,Austria
1,10,AUT,AUT,2011,Austria
1,5,AUT,AUT,2013,Austria
3,0,AUT,AUT,2016,Austria
1,10,AUT,AUT,2017,Austria
1,24,AUT,AUT,2018,Austria
4,18,AUT,AUT,2020,Austria
12,300000,AZE,AZE,1992,Azerbaijan
11,299092,AZE,AZE,1994,Azerbaijan
2,200519,AZE,AZE,1995,Azerbaijan
2,236086,AZE,AZE,1996,Azerbaijan
1,234949,AZE,AZE,1997,Azerbaijan
1,284278,AZE,AZE,2000,Azerbaijan
4,268755,AZE,AZE,2001,Azerbaijan
1,260217,AZE,AZE,2002,Azerbaijan
1,15922,AZE,AZE,2007,Azerbaijan
2,16321,AZE,AZE,2008,Azerbaijan
2,16945,AZE,AZE,2009,Azerbaijan
3,10508,AZE,AZE,2014,Azerbaijan
2,10118,AZE,AZE,2016,Azerbaijan
2,10893,AZE,AZE,2017,Azerbaijan
1,11246,AZE,AZE,2018,Azerbaijan
7,223942,BDI,BDI,1991,Burundi
2,184129,BDI,BDI,1992,Burundi
16,389698,BDI,BDI,1994,Burundi
83,350575,BDI,BDI,1995,Burundi
35,428680,BDI,BDI,1996,Burundi
79,519116,BDI,BDI,1997,Burundi
13,502555,BDI,BDI,1998,Burundi
13,527437,BDI,BDI,1999,Burundi
17,568070,BDI,BDI,2000,Burundi
37,553987,BDI,BDI,2001,Burundi
18,574552,BDI,BDI,2002,Burundi
18,531626,BDI,BDI,2003,Burundi
1,485753,BDI,BDI,2004,Burundi
5,438695,BDI,BDI,2005,Burundi
5,396533,BDI,BDI,2006,Burundi
3,375720,BDI,BDI,2007,Burundi
7,281583,BDI,BDI,2008,Burundi
29,84053,BDI,BDI,2010,Burundi
8,101282,BDI,BDI,2011,Burundi
4,73354,BDI,BDI,2012,Burundi
2,72636,BDI,BDI,2013,Burundi
5,72477,BDI,BDI,2014,Burundi
102,292750,BDI,BDI,2015,Burundi
83,408066,BDI,BDI,2016,Burundi
21,439320,BDI,BDI,2017,Burundi
10,387850,BDI,BDI,2018,Burundi
6,380900,BDI,BDI,2019,Burundi
7,372951,BDI,BDI,2020,Burundi
6,323635,BDI,BDI,2021,Burundi
1,5,BEL,BEL,1995,Belgium
2,9,BEL,BEL,1997,Belgium
3,14,BEL,BEL,1998,Belgium
2,15,BEL,BEL,1999,Belgium
3,21,BEL,BEL,2002,Belgium
8,40,BEL,BEL,2003,Belgium
1,53,BEL,BEL,2007,Belgium
1,66,BEL,BEL,2009,Belgium
1,91,BEL,BEL,2012,Belgium
2,76,BEL,BEL,2014,Belgium
6,44,BEL,BEL,2016,Belgium
3,52,BEL,BEL,2017,Belgium
3,50,BEL,BEL,2018,Belgium
1,34,BEL,BEL,2019,Belgium
3,28,BEL,BEL,2020,Belgium
2,29,BEL,BEL,2021,Belgium
3,72,BEN,BEN,1994,Benin
1,50,BEN,BEN,1995,Benin
2,42,BEN,BEN,1996,Benin
1,265,BEN,BEN,2007,Benin
1,721,BEN,BEN,2019,Benin
1,606,BEN,BEN,2020,Benin
1,730,BEN,BEN,2021,Benin
1,50,BFA,BFA,1984,Burkina Faso
2,6,BFA,BFA,1991,Burkina Faso
1,1578,BFA,BFA,2013,Burkina Faso
6,2147,BFA,BFA,2015,Burkina Faso
10,2352,BFA,BFA,2016,Burkina Faso
32,2694,BFA,BFA,2017,Burkina Faso
72,11447,BFA,BFA,2018,Burkina Faso
161,11733,BFA,BFA,2019,Burkina Faso
110,15694,BFA,BFA,2020,Burkina Faso
53,20209,BFA,BFA,2021,Burkina Faso
36,5,BGD,BGD,1988,Bangladesh
36,5,BGD,BGD,1989,Bangladesh
22,477,BGD,BGD,1990,Bangladesh
42,613,BGD,BGD,1991,Bangladesh
76,53921,BGD,BGD,1992,Bangladesh
68,56196,BGD,BGD,1994,Bangladesh
74,56958,BGD,BGD,1995,Bangladesh
161,57962,BGD,BGD,1996,Bangladesh
17,44375,BGD,BGD,1997,Bangladesh
2,4659,BGD,BGD,1998,Bangladesh
11,4470,BGD,BGD,1999,Bangladesh
23,5404,BGD,BGD,2000,Bangladesh
15,5544,BGD,BGD,2001,Bangladesh
5,5804,BGD,BGD,2002,Bangladesh
4,5563,BGD,BGD,2003,Bangladesh
11,5733,BGD,BGD,2004,Bangladesh
23,7303,BGD,BGD,2005,Bangladesh
23,7796,BGD,BGD,2006,Bangladesh
9,10235,BGD,BGD,2007,Bangladesh
19,10097,BGD,BGD,2008,Bangladesh
27,10428,BGD,BGD,2009,Bangladesh
22,10046,BGD,BGD,2010,Bangladesh
13,10047,BGD,BGD,2011,Bangladesh
18,10159,BGD,BGD,2012,Bangladesh
138,9720,BGD,BGD,2013,Bangladesh
130,10868,BGD,BGD,2014,Bangladesh
469,12154,BGD,BGD,2015,Bangladesh
89,13842,BGD,BGD,2016,Bangladesh
41,16780,BGD,BGD,2017,Bangladesh
33,21022,BGD,BGD,2018,Bangladesh
32,22766,BGD,BGD,2019,Bangladesh
30,18948,BGD,BGD,2020,Bangladesh
10,22672,BGD,BGD,2021,Bangladesh
2,257,BGR,BGR,1982,Bulgaria
1,183,BGR,BGR,1984,Bulgaria
5,1922,BGR,BGR,1990,Bulgaria
3,2733,BGR,BGR,1991,Bulgaria
2,2980,BGR,BGR,1992,Bulgaria
2,4692,BGR,BGR,1994,Bulgaria
2,4157,BGR,BGR,1995,Bulgaria
12,3246,BGR,BGR,1996,Bulgaria
3,3049,BGR,BGR,1997,Bulgaria
2,3121,BGR,BGR,1998,Bulgaria
1,2652,BGR,BGR,1999,Bulgaria
2,2404,BGR,BGR,2000,Bulgaria
1,2122,BGR,BGR,2001,Bulgaria
1,2843,BGR,BGR,2002,Bulgaria
2,3036,BGR,BGR,2008,Bulgaria
2,2322,BGR,BGR,2011,Bulgaria
2,2143,BGR,BGR,2012,Bulgaria
3,1875,BGR,BGR,2013,Bulgaria
1,1644,BGR,BGR,2014,Bulgaria
2,1264,BGR,BGR,2015,Bulgaria
1,799,BGR,BGR,2016,Bulgaria
1,620,BGR,BGR,2018,Bulgaria
1,510,BGR,BGR,2020,Bulgaria
1,52,BHR,BHR,1991,Bahrain
1,74,BHR,BHR,1994,Bahrain
8,70,BHR,BHR,1995,Bahrain
16,64,BHR,BHR,1996,Bahrain
11,82,BHR,BHR,1997,Bahrain
1,50,BHR,BHR,2003,Bahrain
1,56,BHR,BHR,2006,Bahrain
1,72,BHR,BHR,2008,Bahrain
2,81,BHR,BHR,2010,Bahrain
1,213,BHR,BHR,2011,Bahrain
26,294,BHR,BHR,2012,Bahrain
52,274,BHR,BHR,2013,Bahrain
42,344,BHR,BHR,2014,Bahrain
18,422,BHR,BHR,2015,Bahrain
3,461,BHR,BHR,2016,Bahrain
21,497,BHR,BHR,2017,Bahrain
1,540,BHR,BHR,2018,Bahrain
1,208,BHS,BHS,2013,Bahamas
1,37,BLR,BLR,1994,Belarus
2,300,BLR,BLR,1997,Belarus
1,1505,BLR,BLR,1999,Belarus
1,3691,BLR,BLR,2001,Belarus
1,9368,BLR,BLR,2006,Belarus
1,5376,BLR,BLR,2008,Belarus
2,5735,BLR,BLR,2010,Belarus
1,5916,BLR,BLR,2011,Belarus
3,6181,BLR,BLR,2012,Belarus
2,3139,BLR,BLR,2020,Belarus
1,12,BLZ,BLZ,2000,Belize
1,37,BLZ,BLZ,2013,Belize
1,1400,BOL,BOL,1970,"Bolivia, Plurinational State of"
2,2930,BOL,BOL,1971,"Bolivia, Plurinational State of"
1,1650,BOL,BOL,1974,"Bolivia, Plurinational State of"
1,60,BOL,BOL,1976,"Bolivia, Plurinational State of"
35,170,BOL,BOL,1980,"Bolivia, Plurinational State of"
5,100,BOL,BOL,1981,"Bolivia, Plurinational State of"
27,270,BOL,BOL,1982,"Bolivia, Plurinational State of"
40,26,BOL,BOL,1989,"Bolivia, Plurinational State of"
11,729,BOL,BOL,1990,"Bolivia, Plurinational State of"
28,67,BOL,BOL,1991,"Bolivia, Plurinational State of"
38,28,BOL,BOL,1992,"Bolivia, Plurinational State of"
8,177,BOL,BOL,1994,"Bolivia, Plurinational State of"
2,180,BOL,BOL,1995,"Bolivia, Plurinational State of"
1,177,BOL,BOL,1996,"Bolivia, Plurinational State of"
4,163,BOL,BOL,1997,"Bolivia, Plurinational State of"
1,260,BOL,BOL,2003,"Bolivia, Plurinational State of"
1,263,BOL,BOL,2005,"Bolivia, Plurinational State of"
3,423,BOL,BOL,2007,"Bolivia, Plurinational State of"
3,570,BOL,BOL,2009,"Bolivia, Plurinational State of"
1,616,BOL,BOL,2012,"Bolivia, Plurinational State of"
2,502,BOL,BOL,2018,"Bolivia, Plurinational State of"
1,514,BOL,BOL,2019,"Bolivia, Plurinational State of"
9,535,BOL,BOL,2020,"Bolivia, Plurinational State of"
3,2000,BRA,BRA,1971,Brazil
3,2000,BRA,BRA,1972,Brazil
19,5,BRA,BRA,1980,Brazil
11,5,BRA,BRA,1981,Brazil
4,5,BRA,BRA,1982,Brazil
8,5,BRA,BRA,1983,Brazil
5,5,BRA,BRA,1984,Brazil
1,5,BRA,BRA,1985,Brazil
3,5,BRA,BRA,1986,Brazil
5,6,BRA,BRA,1989,Brazil
7,15,BRA,BRA,1990,Brazil
24,11,BRA,BRA,1991,Brazil
24,11,BRA,BRA,1992,Brazil
19,41,BRA,BRA,1994,Brazil
23,52,BRA,BRA,1995,Brazil
18,84,BRA,BRA,1996,Brazil
39,103,BRA,BRA,1997,Brazil
2,134,BRA,BRA,1998,Brazil
1,194,BRA,BRA,1999,Brazil
2,220,BRA,BRA,2000,Brazil
3,251,BRA,BRA,2001,Brazil
1,438,BRA,BRA,2002,Brazil
1,377,BRA,BRA,2003,Brazil
3,703,BRA,BRA,2006,Brazil
1,1073,BRA,BRA,2012,Brazil
3,982,BRA,BRA,2013,Brazil
3,977,BRA,BRA,2014,Brazil
5,893,BRA,BRA,2015,Brazil
3,803,BRA,BRA,2016,Brazil
2,851,BRA,BRA,2017,Brazil
12,1038,BRA,BRA,2018,Brazil
3,1399,BRA,BRA,2019,Brazil
6,1548,BRA,BRA,2020,Brazil
4,1954,BRA,BRA,2021,Brazil
1,108069,BTN,BTN,2006,Bhutan
3,104960,BTN,BTN,2008,Bhutan
1,57980,BTN,BTN,2011,Bhutan
1,23633,BTN,BTN,2014,Bhutan
2,5,BWA,BWA,1989,Botswana
1,5,BWA,BWA,1990,Botswana
1,27,BWA,BWA,1995,Botswana
1,230,CAF,CAF,1986,Central African Republic
4,320,CAF,CAF,1991,Central African Republic
1,325,CAF,CAF,1992,Central African Republic
1,264,CAF,CAF,1994,Central African Republic
1,240,CAF,CAF,1996,Central African Republic
1,135,CAF,CAF,2000,Central African Republic
1,28698,CAF,CAF,2001,Central African Republic
1,71669,CAF,CAF,2006,Central African Republic
1,98092,CAF,CAF,2007,Central African Republic
2,125090,CAF,CAF,2008,Central African Republic
5,159542,CAF,CAF,2009,Central African Republic
13,164902,CAF,CAF,2010,Central African Republic
3,162861,CAF,CAF,2011,Central African Republic
4,164567,CAF,CAF,2012,Central African Republic
21,252854,CAF,CAF,2013,Central African Republic
94,412028,CAF,CAF,2014,Central African Republic
49,471093,CAF,CAF,2015,Central African Republic
38,490879,CAF,CAF,2016,Central African Republic
43,545513,CAF,CAF,2017,Central African Republic
46,590858,CAF,CAF,2018,Central African Republic
15,610152,CAF,CAF,2019,Central African Republic
36,642161,CAF,CAF,2020,Central African Republic
18,737658,CAF,CAF,2021,Central African Republic
3,5,CAN,CAN,1992,Canada
4,5,CAN,CAN,1994,Canada
5,5,CAN,CAN,1995,Canada
1,10,CAN,CAN,1996,Canada
2,12,CAN,CAN,1997,Canada
4,16,CAN,CAN,1998,Canada
2,19,CAN,CAN,1999,Canada
5,25,CAN,CAN,2000,Canada
2,57,CAN,CAN,2004,Canada
2,94,CAN,CAN,2006,Canada
5,100,CAN,CAN,2008,Canada
4,97,CAN,CAN,2009,Canada
2,86,CAN,CAN,2010,Canada
3,121,CAN,CAN,2012,Canada
4,94,CAN,CAN,2013,Canada
3,89,CAN,CAN,2014,Canada
5,73,CAN,CAN,2015,Canada
6,76,CAN,CAN,2016,Canada
16,75,CAN,CAN,2017,Canada
7,81,CAN,CAN,2018,Canada
5,71,CAN,CAN,2019,Canada
14,65,CAN,CAN,2020,Canada
12,60,CAN,CAN,2021,Canada
5,27,CHE,CHE,1995,Switzerland
4,32,CHE,CHE,1996,Switzerland
1,54,CHE,CHE,1997,Switzerland
1,76,CHE,CHE,1998,Switzerland
2,90,CHE,CHE,1999,Switzerland
4,69,CHE,CHE,2000,Switzerland
2,60,CHE,CHE,2001,Switzerland
1,34,CHE,CHE,2003,Switzerland
2,33,CHE,CHE,2007,Switzerland
3,20,CHE,CHE,2011,Switzerland
2,11,CHE,CHE,2013,Switzerland
2,5,CHE,CHE,2016,Switzerland
1,5,CHE,CHE,2018,Switzerland
1,5,CHE,CHE,2019,Switzerland
2,5,CHE,CHE,2020,Switzerland
2,0,CHE,CHE,2021,Switzerland
2,2670,CHL,CHL,1976,Chile
6,3000,CHL,CHL,1977,Chile
8,3130,CHL,CHL,1978,Chile
49,3130,CHL,CHL,1979,Chile
41,1505,CHL,CHL,1980,Chile
34,1885,CHL,CHL,1981,Chile
21,2483,CHL,CHL,1982,Chile
106,1794,CHL,CHL,1983,Chile
563,1552,CHL,CHL,1984,Chile
232,2181,CHL,CHL,1985,Chile
243,2434,CHL,CHL,1986,Chile
173,1906,CHL,CHL,1987,Chile
185,608,CHL,CHL,1988,Chile
146,1201,CHL,CHL,1989,Chile
161,14547,CHL,CHL,1990,Chile
127,14006,CHL,CHL,1991,Chile
116,14042,CHL,CHL,1992,Chile
15,15475,CHL,CHL,1994,Chile
17,14274,CHL,CHL,1995,Chile
8,12801,CHL,CHL,1996,Chile
6,9775,CHL,CHL,1997,Chile
1,7005,CHL,CHL,1998,Chile
3,1539,CHL,CHL,1999,Chile
2,858,CHL,CHL,2000,Chile
3,834,CHL,CHL,2001,Chile
1,1705,CHL,CHL,2002,Chile
2,1549,CHL,CHL,2003,Chile
1,798,CHL,CHL,2006,Chile
8,964,CHL,CHL,2007,Chile
4,988,CHL,CHL,2008,Chile
8,1305,CHL,CHL,2009,Chile
5,1163,CHL,CHL,2010,Chile
6,1182,CHL,CHL,2011,Chile
2,1145,CHL,CHL,2012,Chile
5,588,CHL,CHL,2013,Chile
17,571,CHL,CHL,2014,Chile
1,554,CHL,CHL,2015,Chile
19,495,CHL,CHL,2016,Chile
17,493,CHL,CHL,2017,Chile
47,479,CHL,CHL,2018,Chile
27,486,CHL,CHL,2019,Chile
54,659,CHL,CHL,2020,Chile
45,987,CHL,CHL,2021,Chile
3,413,CHN,CHN,1989,China
1,1426,CHN,CHN,1990,China
1,2011,CHN,CHN,1991,China
5,82576,CHN,CHN,1992,China
13,113908,CHN,CHN,1994,China
8,104691,CHN,CHN,1995,China
62,105806,CHN,CHN,1996,China
18,106731,CHN,CHN,1997,China
2,109396,CHN,CHN,1998,China
2,111950,CHN,CHN,1999,China
4,110967,CHN,CHN,2000,China
12,117403,CHN,CHN,2001,China
2,132099,CHN,CHN,2002,China
3,132390,CHN,CHN,2003,China
2,134708,CHN,CHN,2004,China
1,124086,CHN,CHN,2005,China
20,175169,CHN,CHN,2008,China
7,180546,CHN,CHN,2009,China
1,184601,CHN,CHN,2010,China
4,190369,CHN,CHN,2011,China
4,193449,CHN,CHN,2012,China
12,195121,CHN,CHN,2013,China
37,210793,CHN,CHN,2014,China
17,212911,CHN,CHN,2015,China
5,207768,CHN,CHN,2016,China
6,207716,CHN,CHN,2017,China
1,212039,CHN,CHN,2018,China
14,212863,CHN,CHN,2019,China
21,175361,CHN,CHN,2020,China
5,170222,CHN,CHN,2021,China
6,84,CMR,CMR,1992,Cameroon
6,236,CMR,CMR,1994,Cameroon
2,2018,CMR,CMR,1995,Cameroon
1,1349,CMR,CMR,1998,Cameroon
1,11499,CMR,CMR,2007,Cameroon
1,13852,CMR,CMR,2008,Cameroon
1,14752,CMR,CMR,2009,Cameroon
3,14952,CMR,CMR,2010,Cameroon
3,15149,CMR,CMR,2011,Cameroon
3,11410,CMR,CMR,2013,Cameroon
69,10739,CMR,CMR,2014,Cameroon
83,10565,CMR,CMR,2015,Cameroon
58,10344,CMR,CMR,2016,Cameroon
111,11032,CMR,CMR,2017,Cameroon
236,45118,CMR,CMR,2018,Cameroon
146,66241,CMR,CMR,2019,Cameroon
145,78481,CMR,CMR,2020,Cameroon
46,125477,CMR,CMR,2021,Cameroon
8,33,COG,COG,1994,Congo
1,214,COG,COG,1996,Congo
2,21143,COG,COG,1997,Congo
3,27297,COG,COG,1999,Congo
1,24237,COG,COG,2001,Congo
3,27994,COG,COG,2002,Congo
1,28950,COG,COG,2003,Congo
1,11744,COG,COG,2013,Congo
15,13291,COG,COG,2016,Congo
172,50,COL,COL,1981,Colombia
222,100,COL,COL,1982,Colombia
382,60,COL,COL,1985,Colombia
307,50,COL,COL,1986,Colombia
337,50,COL,COL,1987,Colombia
427,35,COL,COL,1988,Colombia
492,65,COL,COL,1989,Colombia
349,493,COL,COL,1990,Colombia
420,738,COL,COL,1991,Colombia
523,841,COL,COL,1992,Colombia
201,1361,COL,COL,1994,Colombia
123,1902,COL,COL,1995,Colombia
409,2168,COL,COL,1996,Colombia
598,2376,COL,COL,1997,Colombia
94,3536,COL,COL,1998,Colombia
116,4412,COL,COL,1999,Colombia
137,9278,COL,COL,2000,Colombia
207,17937,COL,COL,2001,Colombia
150,30624,COL,COL,2002,Colombia
98,37992,COL,COL,2003,Colombia
37,47380,COL,COL,2004,Colombia
42,60447,COL,COL,2005,Colombia
43,72793,COL,COL,2006,Colombia
30,551741,COL,COL,2007,Colombia
133,373532,COL,COL,2008,Colombia
138,389753,COL,COL,2009,Colombia
136,395579,COL,COL,2010,Colombia
94,395950,COL,COL,2011,Colombia
115,394112,COL,COL,2012,Colombia
149,396711,COL,COL,2013,Colombia
231,360291,COL,COL,2014,Colombia
136,340116,COL,COL,2015,Colombia
110,311059,COL,COL,2016,Colombia
119,191635,COL,COL,2017,Colombia
206,138583,COL,COL,2018,Colombia
230,189254,COL,COL,2019,Colombia
171,189866,COL,COL,2020,Colombia
76,115792,COL,COL,2021,Colombia
1,5,COM,COM,1994,Comoros
3,5,COM,COM,1997,Comoros
2,624,COM,COM,2018,Comoros
1,658,COM,COM,2019,Comoros
2,5,CRI,CRI,1992,Costa Rica
1,222,CRI,CRI,1994,Costa Rica
1,136,CRI,CRI,1996,Costa Rica
1,86,CRI,CRI,1997,Costa Rica
1,86,CRI,CRI,2001,Costa Rica
2,206,CRI,CRI,2019,Costa Rica
1,17614,CUB,CUB,1991,Cuba
4,21273,CUB,CUB,1992,Cuba
9,23320,CUB,CUB,1994,Cuba
1,25462,CUB,CUB,1996,Cuba
14,24911,CUB,CUB,1997,Cuba
1,7496,CUB,CUB,2007,Cuba
1,700,CYP,CYP,1977,Cyprus
5,11,CYP,CYP,1988,Cyprus
6,11,CYP,CYP,1989,Cyprus
11,11,CYP,CYP,1990,Cyprus
6,6,CYP,CYP,1994,Cyprus
3,9,CYP,CYP,1995,Cyprus
10,9,CYP,CYP,1996,Cyprus
1,10,CYP,CYP,1998,Cyprus
1,17,CYP,CYP,1999,Cyprus
2,12,CYP,CYP,2000,Cyprus
1,5,CYP,CYP,2001,Cyprus
1,10,CYP,CYP,2007,Cyprus
1,10,CYP,CYP,2012,Cyprus
2,10,CYP,CYP,2013,Cyprus
2,10,CYP,CYP,2014,Cyprus
2,0,CYP,CYP,2016,Cyprus
11,0,CYP,CYP,2020,Cyprus
1,4650,CZE,CZE,1994,Czechia
3,2040,CZE,CZE,1995,Czechia
3,977,CZE,CZE,1996,Czechia
4,695,CZE,CZE,1997,Czechia
1,1177,CZE,CZE,2001,Czechia
1,6699,CZE,CZE,2003,Czechia
2,1354,CZE,CZE,2008,Czechia
1,1060,CZE,CZE,2009,Czechia
1,758,CZE,CZE,2011,Czechia
1,984,CZE,CZE,2013,Czechia
5,1321,CZE,CZE,2014,Czechia
4,1280,CZE,CZE,2015,Czechia
2,1266,CZE,CZE,2016,Czechia
3,1272,CZE,CZE,2017,Czechia
66,5,DEU,DEU,1991,Germany
156,5,DEU,DEU,1992,Germany
79,449,DEU,DEU,1994,Germany
147,384,DEU,DEU,1995,Germany
52,421,DEU,DEU,1996,Germany
12,443,DEU,DEU,1997,Germany
6,689,DEU,DEU,1998,Germany
13,1297,DEU,DEU,1999,Germany
8,1182,DEU,DEU,2000,Germany
8,1028,DEU,DEU,2001,Germany
3,924,DEU,DEU,2002,Germany
2,719,DEU,DEU,2003,Germany
3,74,DEU,DEU,2004,Germany
3,75,DEU,DEU,2005,Germany
4,114,DEU,DEU,2006,Germany
3,126,DEU,DEU,2007,Germany
3,162,DEU,DEU,2008,Germany
4,167,DEU,DEU,2009,Germany
1,159,DEU,DEU,2010,Germany
8,169,DEU,DEU,2011,Germany
5,174,DEU,DEU,2012,Germany
14,170,DEU,DEU,2014,Germany
68,153,DEU,DEU,2015,Germany
45,67,DEU,DEU,2016,Germany
28,66,DEU,DEU,2017,Germany
24,61,DEU,DEU,2018,Germany
17,69,DEU,DEU,2019,Germany
33,71,DEU,DEU,2020,Germany
13,59,DEU,DEU,2021,Germany
1,5,DJI,DJI,1990,Djibouti
1,10,DJI,DJI,1991,Djibouti
6,10,DJI,DJI,1992,Djibouti
2,18065,DJI,DJI,1994,Djibouti
2,18092,DJI,DJI,1995,Djibouti
1,8143,DJI,DJI,1997,Djibouti
1,492,DJI,DJI,2004,Djibouti
1,870,DJI,DJI,2014,Djibouti
1,1059,DJI,DJI,2015,Djibouti
1,1761,DJI,DJI,2017,Djibouti
4,2607,DJI,DJI,2021,Djibouti
1,55,DMA,DMA,2020,Dominica
6,18,DNK,DNK,1995,Denmark
1,25,DNK,DNK,1999,Denmark
1,10,DNK,DNK,2008,Denmark
1,6,DNK,DNK,2010,Denmark
1,6,DNK,DNK,2013,Denmark
5,11,DNK,DNK,2015,Denmark
1,0,DNK,DNK,2016,Denmark
1,0,DNK,DNK,2018,Denmark
2,5,DNK,DNK,2019,Denmark
1,50,DOM,DOM,1978,Dominican Republic
7,30,DOM,DOM,1994,Dominican Republic
3,29,DOM,DOM,1996,Dominican Republic
12,50,DOM,DOM,1997,Dominican Republic
1,298,DOM,DOM,2013,Dominican Republic
1,427,DOM,DOM,2017,Dominican Republic
2,18,DZA,DZA,1990,Algeria
30,55,DZA,DZA,1991,Algeria
215,69,DZA,DZA,1992,Algeria
227,20744,DZA,DZA,1994,Algeria
185,1522,DZA,DZA,1995,Algeria
129,2245,DZA,DZA,1996,Algeria
344,3409,DZA,DZA,1997,Algeria
151,5717,DZA,DZA,1998,Algeria
106,7140,DZA,DZA,1999,Algeria
138,8015,DZA,DZA,2000,Algeria
113,8399,DZA,DZA,2001,Algeria
132,12088,DZA,DZA,2002,Algeria
75,11651,DZA,DZA,2003,Algeria
67,10650,DZA,DZA,2004,Algeria
104,12024,DZA,DZA,2005,Algeria
152,8338,DZA,DZA,2006,Algeria
124,10599,DZA,DZA,2007,Algeria
107,9044,DZA,DZA,2008,Algeria
108,8168,DZA,DZA,2009,Algeria
100,6665,DZA,DZA,2010,Algeria
15,6093,DZA,DZA,2011,Algeria
41,5657,DZA,DZA,2012,Algeria
22,3643,DZA,DZA,2013,Algeria
13,3509,DZA,DZA,2014,Algeria
15,3470,DZA,DZA,2015,Algeria
9,3705,DZA,DZA,2016,Algeria
14,4021,DZA,DZA,2017,Algeria
7,4181,DZA,DZA,2018,Algeria
4,4571,DZA,DZA,2020,Algeria
1,6003,DZA,DZA,2021,Algeria
8,5,ECU,ECU,1990,Ecuador
17,27,ECU,ECU,1991,Ecuador
23,38,ECU,ECU,1992,Ecuador
6,174,ECU,ECU,1994,Ecuador
6,203,ECU,ECU,1995,Ecuador
5,216,ECU,ECU,1996,Ecuador
4,215,ECU,ECU,1997,Ecuador
3,507,ECU,ECU,1998,Ecuador
2,492,ECU,ECU,1999,Ecuador
4,669,ECU,ECU,2000,Ecuador
5,649,ECU,ECU,2001,Ecuador
2,815,ECU,ECU,2002,Ecuador
4,720,ECU,ECU,2003,Ecuador
2,718,ECU,ECU,2004,Ecuador
2,1063,ECU,ECU,2008,Ecuador
3,1029,ECU,ECU,2009,Ecuador
1,912,ECU,ECU,2011,Ecuador
1,848,ECU,ECU,2012,Ecuador
2,711,ECU,ECU,2013,Ecuador
1,1006,ECU,ECU,2015,Ecuador
6,1041,ECU,ECU,2016,Ecuador
3,1251,ECU,ECU,2017,Ecuador
11,1424,ECU,ECU,2018,Ecuador
3,1644,ECU,ECU,2019,Ecuador
5,1689,ECU,ECU,2020,Ecuador
2,50,EGY,EGY,1978,Egypt
9,5,EGY,EGY,1981,Egypt
1,5,EGY,EGY,1982,Egypt
2,7,EGY,EGY,1985,Egypt
4,8,EGY,EGY,1986,Egypt
7,8,EGY,EGY,1987,Egypt
9,14,EGY,EGY,1988,Egypt
7,13,EGY,EGY,1989,Egypt
13,50,EGY,EGY,1990,Egypt
10,98,EGY,EGY,1991,Egypt
79,210,EGY,EGY,1992,Egypt
143,501,EGY,EGY,1994,Egypt
102,870,EGY,EGY,1995,Egypt
51,1198,EGY,EGY,1996,Egypt
22,1720,EGY,EGY,1997,Egypt
3,2606,EGY,EGY,1998,Egypt
1,3486,EGY,EGY,1999,Egypt
3,5361,EGY,EGY,2004,Egypt
2,6288,EGY,EGY,2005,Egypt
5,7608,EGY,EGY,2006,Egypt
1,6777,EGY,EGY,2008,Egypt
2,6983,EGY,EGY,2009,Egypt
2,6903,EGY,EGY,2010,Egypt
18,7922,EGY,EGY,2011,Egypt
49,10014,EGY,EGY,2012,Egypt
321,12804,EGY,EGY,2013,Egypt
354,15899,EGY,EGY,2014,Egypt
647,17929,EGY,EGY,2015,Egypt
376,19792,EGY,EGY,2016,Egypt
225,22106,EGY,EGY,2017,Egypt
54,24850,EGY,EGY,2018,Egypt
63,27416,EGY,EGY,2019,Egypt
57,26553,EGY,EGY,2020,Egypt
11,27498,EGY,EGY,2021,Egypt
2,286711,ERI,ERI,1995,Eritrea
1,332222,ERI,ERI,1996,Eritrea
2,208747,ERI,ERI,2007,Eritrea
2,186392,ERI,ERI,2008,Eritrea
1,209164,ERI,ERI,2009,Eritrea
1,222457,ERI,ERI,2010,Eritrea
1,251941,ERI,ERI,2011,Eritrea
7,524738,ERI,ERI,2020,Eritrea
1,50000,ESH,ESH,1978,Western Sahara
1,165000,ESH,ESH,1984,Western Sahara
1,165000,ESH,ESH,1986,Western Sahara
1,165000,ESH,ESH,1992,Western Sahara
1,116594,ESH,ESH,2007,Western Sahara
2,116790,ESH,ESH,2018,Western Sahara
1,117041,ESH,ESH,2021,Western Sahara
4,680,ESP,ESP,1970,Spain
22,670,ESP,ESP,1971,Spain
19,650,ESP,ESP,1972,Spain
21,390,ESP,ESP,1973,Spain
14,210,ESP,ESP,1974,Spain
136,140,ESP,ESP,1975,Spain
50,510,ESP,ESP,1976,Spain
187,5,ESP,ESP,1980,Spain
107,5,ESP,ESP,1981,Spain
146,50,ESP,ESP,1982,Spain
122,600,ESP,ESP,1983,Spain
143,60,ESP,ESP,1984,Spain
114,60,ESP,ESP,1985,Spain
104,60,ESP,ESP,1987,Spain
55,42,ESP,ESP,1994,Spain
44,36,ESP,ESP,1995,Spain
63,217,ESP,ESP,1996,Spain
86,214,ESP,ESP,1997,Spain
17,57,ESP,ESP,1998,Spain
47,49,ESP,ESP,1999,Spain
112,75,ESP,ESP,2000,Spain
79,45,ESP,ESP,2001,Spain
41,58,ESP,ESP,2002,Spain
21,51,ESP,ESP,2003,Spain
31,53,ESP,ESP,2004,Spain
24,49,ESP,ESP,2005,Spain
23,2442,ESP,ESP,2006,Spain
11,37,ESP,ESP,2007,Spain
37,26,ESP,ESP,2008,Spain
21,34,ESP,ESP,2009,Spain
3,41,ESP,ESP,2010,Spain
1,55,ESP,ESP,2012,Spain
5,56,ESP,ESP,2013,Spain
4,60,ESP,ESP,2014,Spain
1,60,ESP,ESP,2015,Spain
3,34,ESP,ESP,2016,Spain
4,39,ESP,ESP,2017,Spain
2,46,ESP,ESP,2018,Spain
4,51,ESP,ESP,2019,Spain
2,55,ESP,ESP,2021,Spain
2,59,EST,EST,1992,Estonia
6,296,EST,EST,1994,Estonia
2,350,EST,EST,1995,Estonia
1,1309,EST,EST,1996,Estonia
1,634,EST,EST,1999,Estonia
1,483,EST,EST,2001,Estonia
1,225,EST,EST,2011,Estonia
1,315,EST,EST,2015,Estonia
2,271,EST,EST,2021,Estonia
3,54350,ETH,ETH,1970,Ethiopia
1,55200,ETH,ETH,1971,Ethiopia
1,46300,ETH,ETH,1973,Ethiopia
4,49200,ETH,ETH,1974,Ethiopia
4,91410,ETH,ETH,1975,Ethiopia
5,105700,ETH,ETH,1976,Ethiopia
4,655350,ETH,ETH,1977,Ethiopia
2,887670,ETH,ETH,1978,Ethiopia
4,1623870,ETH,ETH,1979,Ethiopia
3,1351917,ETH,ETH,1983,Ethiopia
1,1546134,ETH,ETH,1984,Ethiopia
1,1749309,ETH,ETH,1985,Ethiopia
1,1534548,ETH,ETH,1986,Ethiopia
1,1487663,ETH,ETH,1987,Ethiopia
2,1513307,ETH,ETH,1988,Ethiopia
1,1474919,ETH,ETH,1989,Ethiopia
10,1345928,ETH,ETH,1990,Ethiopia
5,251243,ETH,ETH,1991,Ethiopia
13,313131,ETH,ETH,1992,Ethiopia
4,226429,ETH,ETH,1994,Ethiopia
5,100986,ETH,ETH,1995,Ethiopia
7,96264,ETH,ETH,1996,Ethiopia
6,84386,ETH,ETH,1997,Ethiopia
2,71040,ETH,ETH,1999,Ethiopia
1,66396,ETH,ETH,2000,Ethiopia
3,61235,ETH,ETH,2002,Ethiopia
1,62674,ETH,ETH,2003,Ethiopia
2,63153,ETH,ETH,2004,Ethiopia
5,65447,ETH,ETH,2005,Ethiopia
11,74007,ETH,ETH,2006,Ethiopia
5,59845,ETH,ETH,2007,Ethiopia
8,63863,ETH,ETH,2008,Ethiopia
2,62877,ETH,ETH,2009,Ethiopia
2,68838,ETH,ETH,2010,Ethiopia
3,70601,ETH,ETH,2011,Ethiopia
3,74964,ETH,ETH,2012,Ethiopia
5,77109,ETH,ETH,2013,Ethiopia
2,86857,ETH,ETH,2014,Ethiopia
7,85839,ETH,ETH,2015,Ethiopia
13,83958,ETH,ETH,2016,Ethiopia
28,87448,ETH,ETH,2017,Ethiopia
10,92232,ETH,ETH,2018,Ethiopia
26,93467,ETH,ETH,2019,Ethiopia
53,151426,ETH,ETH,2020,Ethiopia
36,149130,ETH,ETH,2021,Ethiopia
1,5,FIN,FIN,2007,Finland
9,10,FIN,FIN,2015,Finland
3,5,FIN,FIN,2016,Finland
2,5,FIN,FIN,2017,Finland
1,5,FIN,FIN,2018,Finland
3,0,FIN,FIN,2019,Finland
1,19,FJI,FJI,1992,Fiji
3,328,FJI,FJI,1999,Fiji
4,401,FJI,FJI,2000,Fiji
1,731,FJI,FJI,2001,Fiji
97,20,FRA,FRA,1994,France
71,14,FRA,FRA,1995,France
270,46,FRA,FRA,1996,France
130,60,FRA,FRA,1997,France
12,62,FRA,FRA,1998,France
46,60,FRA,FRA,1999,France
28,74,FRA,FRA,2000,France
21,41,FRA,FRA,2001,France
32,92,FRA,FRA,2002,France
34,110,FRA,FRA,2003,France
11,112,FRA,FRA,2004,France
33,286,FRA,FRA,2005,France
34,79,FRA,FRA,2006,France
16,99,FRA,FRA,2007,France
13,97,FRA,FRA,2008,France
9,80,FRA,FRA,2009,France
3,90,FRA,FRA,2010,France
8,92,FRA,FRA,2011,France
66,94,FRA,FRA,2012,France
18,92,FRA,FRA,2013,France
14,84,FRA,FRA,2014,France
38,90,FRA,FRA,2015,France
25,50,FRA,FRA,2016,France
42,54,FRA,FRA,2017,France
13,59,FRA,FRA,2018,France
21,50,FRA,FRA,2019,France
24,49,FRA,FRA,2020,France
19,38,FRA,FRA,2021,France
1,22,GAB,GAB,1994,Gabon
1,22,GAB,GAB,1996,Gabon
1,17,GAB,GAB,1997,Gabon
4,216,GAB,GAB,2017,Gabon
1,440,GAB,GAB,2019,Gabon
256,106,GBR,GBR,1994,United Kingdom
22,75,GBR,GBR,1995,United Kingdom
36,69,GBR,GBR,1996,United Kingdom
78,75,GBR,GBR,1997,United Kingdom
63,88,GBR,GBR,1998,United Kingdom
76,102,GBR,GBR,1999,United Kingdom
61,109,GBR,GBR,2000,United Kingdom
94,104,GBR,GBR,2001,United Kingdom
21,158,GBR,GBR,2002,United Kingdom
23,146,GBR,GBR,2003,United Kingdom
5,141,GBR,GBR,2004,United Kingdom
29,134,GBR,GBR,2005,United Kingdom
6,170,GBR,GBR,2006,United Kingdom
24,198,GBR,GBR,2007,United Kingdom
39,182,GBR,GBR,2008,United Kingdom
23,155,GBR,GBR,2009,United Kingdom
57,152,GBR,GBR,2010,United Kingdom
47,150,GBR,GBR,2011,United Kingdom
54,150,GBR,GBR,2012,United Kingdom
136,140,GBR,GBR,2013,United Kingdom
104,137,GBR,GBR,2014,United Kingdom
114,128,GBR,GBR,2015,United Kingdom
104,78,GBR,GBR,2016,United Kingdom
123,85,GBR,GBR,2017,United Kingdom
101,84,GBR,GBR,2018,United Kingdom
85,69,GBR,GBR,2019,United Kingdom
90,62,GBR,GBR,2020,United Kingdom
40,101,GBR,GBR,2021,United Kingdom
18,5114,GEO,GEO,1994,Georgia
17,305,GEO,GEO,1995,Georgia
3,48485,GEO,GEO,1996,Georgia
6,47159,GEO,GEO,1997,Georgia
12,35665,GEO,GEO,1998,Georgia
7,29873,GEO,GEO,1999,Georgia
7,21818,GEO,GEO,2000,Georgia
4,17490,GEO,GEO,2001,Georgia
2,16970,GEO,GEO,2002,Georgia
6,12488,GEO,GEO,2003,Georgia
3,6620,GEO,GEO,2004,Georgia
6,7289,GEO,GEO,2005,Georgia
3,6337,GEO,GEO,2006,Georgia
33,12597,GEO,GEO,2008,Georgia
25,15015,GEO,GEO,2009,Georgia
7,10636,GEO,GEO,2010,Georgia
3,10115,GEO,GEO,2011,Georgia
3,9266,GEO,GEO,2012,Georgia
2,6787,GEO,GEO,2013,Georgia
2,6687,GEO,GEO,2014,Georgia
1,6505,GEO,GEO,2015,Georgia
4,6405,GEO,GEO,2016,Georgia
1,6535,GEO,GEO,2017,Georgia
1,6983,GEO,GEO,2018,Georgia
1,7346,GEO,GEO,2020,Georgia
1,3916,GHA,GHA,1987,Ghana
8,4776,GHA,GHA,1992,Ghana
4,14284,GHA,GHA,1994,Ghana
1,13594,GHA,GHA,1995,Ghana
2,15100,GHA,GHA,1996,Ghana
1,14772,GHA,GHA,1997,Ghana
1,22116,GHA,GHA,2014,Ghana
1,15527,GHA,GHA,2016,Ghana
2,18071,GHA,GHA,2018,Ghana
3,18432,GHA,GHA,2019,Ghana
10,13844,GHA,GHA,2020,Ghana
1,14251,GHA,GHA,2021,Ghana
2,16,GIN,GIN,1992,Guinea
2,101,GIN,GIN,1994,Guinea
1,520,GIN,GIN,1996,Guinea
12,1489,GIN,GIN,2000,Guinea
1,5816,GIN,GIN,2005,Guinea
2,14559,GIN,GIN,2013,Guinea
2,16995,GIN,GIN,2015,Guinea
1,17536,GIN,GIN,2016,Guinea
2,23493,GIN,GIN,2018,Guinea
1,24,GMB,GMB,1994,Gambia
1,156,GMB,GMB,1995,Gambia
1,751,GMB,GMB,2000,Gambia
1,917,GNB,GNB,2001,Guinea-Bissau
1,969,GNB,GNB,2003,Guinea-Bissau
4,1042,GNB,GNB,2005,Guinea-Bissau
1,1000,GNB,GNB,2006,Guinea-Bissau
1,1100,GNB,GNB,2009,Guinea-Bissau
1,1173,GNB,GNB,2012,Guinea-Bissau
1,115,GNQ,GNQ,1992,Equatorial Guinea
1,341,GNQ,GNQ,2009,Equatorial Guinea
3,21290,GRC,GRC,1970,Greece
1,1480,GRC,GRC,1971,Greece
2,6610,GRC,GRC,1972,Greece
11,5900,GRC,GRC,1973,Greece
6,580,GRC,GRC,1974,Greece
4,510,GRC,GRC,1975,Greece
21,450,GRC,GRC,1976,Greece
47,410,GRC,GRC,1977,Greece
39,380,GRC,GRC,1978,Greece
9,360,GRC,GRC,1979,Greece
15,340,GRC,GRC,1980,Greece
20,320,GRC,GRC,1981,Greece
19,300,GRC,GRC,1982,Greece
11,280,GRC,GRC,1983,Greece
28,260,GRC,GRC,1984,Greece
38,6,GRC,GRC,1988,Greece
50,6,GRC,GRC,1989,Greece
55,16,GRC,GRC,1990,Greece
57,6,GRC,GRC,1991,Greece
42,93,GRC,GRC,1994,Greece
8,221,GRC,GRC,1995,Greece
20,247,GRC,GRC,1996,Greece
21,175,GRC,GRC,1997,Greece
28,173,GRC,GRC,1998,Greece
35,163,GRC,GRC,1999,Greece
28,124,GRC,GRC,2000,Greece
14,93,GRC,GRC,2001,Greece
10,296,GRC,GRC,2002,Greece
12,268,GRC,GRC,2003,Greece
4,221,GRC,GRC,2004,Greece
6,333,GRC,GRC,2005,Greece
23,93,GRC,GRC,2006,Greece
15,92,GRC,GRC,2007,Greece
53,67,GRC,GRC,2008,Greece
115,61,GRC,GRC,2009,Greece
49,52,GRC,GRC,2010,Greece
11,54,GRC,GRC,2011,Greece
24,48,GRC,GRC,2012,Greece
56,88,GRC,GRC,2013,Greece
27,108,GRC,GRC,2014,Greece
30,111,GRC,GRC,2015,Greece
30,101,GRC,GRC,2016,Greece
44,106,GRC,GRC,2017,Greece
26,107,GRC,GRC,2018,Greece
32,95,GRC,GRC,2019,Greece
50,90,GRC,GRC,2020,Greece
11,87,GRC,GRC,2021,Greece
281,750,GTM,GTM,1980,Guatemala
399,1910,GTM,GTM,1981,Guatemala
354,36490,GTM,GTM,1982,Guatemala
117,41800,GTM,GTM,1983,Guatemala
74,47880,GTM,GTM,1984,Guatemala
63,52890,GTM,GTM,1985,Guatemala
31,52800,GTM,GTM,1986,Guatemala
56,53700,GTM,GTM,1987,Guatemala
29,53753,GTM,GTM,1988,Guatemala
79,45413,GTM,GTM,1989,Guatemala
83,47988,GTM,GTM,1990,Guatemala
77,52584,GTM,GTM,1991,Guatemala
48,53940,GTM,GTM,1992,Guatemala
84,49606,GTM,GTM,1994,Guatemala
82,42901,GTM,GTM,1995,Guatemala
26,40341,GTM,GTM,1996,Guatemala
26,37506,GTM,GTM,1997,Guatemala
1,28082,GTM,GTM,1999,Guatemala
1,20709,GTM,GTM,2000,Guatemala
2,16868,GTM,GTM,2001,Guatemala
3,6696,GTM,GTM,2003,Guatemala
2,4374,GTM,GTM,2004,Guatemala
4,6493,GTM,GTM,2006,Guatemala
1,6389,GTM,GTM,2012,Guatemala
6,6620,GTM,GTM,2013,Guatemala
2,19128,GTM,GTM,2018,Guatemala
3,24544,GTM,GTM,2020,Guatemala
1,26927,GTM,GTM,2021,Guatemala
2,5,GUF,GUF,1996,French Guiana
2,5,GUF,GUF,1997,French Guiana
1,37,GUY,GUY,1997,Guyana
2,38,GUY,GUY,1998,Guyana
1,36,GUY,GUY,2001,Guyana
1,50,GUY,GUY,2002,Guyana
1,75,GUY,GUY,2003,Guyana
2,535,GUY,GUY,2006,Guyana
3,707,GUY,GUY,2008,Guyana
1,269,GUY,GUY,2016,Guyana
1,284,GUY,GUY,2019,Guyana
6,267,GUY,GUY,2020,Guyana
4,257,HKG,HKG,1994,Hong Kong
1,202,HKG,HKG,1995,Hong Kong
3,102,HKG,HKG,1996,Hong Kong
2,10,HKG,HKG,2000,Hong Kong
1,5,HKG,HKG,2001,Hong Kong
1,0,HKG,HKG,2005,Hong Kong
1,9,HKG,HKG,2008,Hong Kong
8,100,HND,HND,1986,Honduras
29,5,HND,HND,1989,Honduras
13,18,HND,HND,1990,Honduras
21,21,HND,HND,1991,Honduras
12,41,HND,HND,1992,Honduras
6,1212,HND,HND,1994,Honduras
12,1218,HND,HND,1995,Honduras
19,1256,HND,HND,1996,Honduras
22,1243,HND,HND,1997,Honduras
1,675,HND,HND,2002,Honduras
1,485,HND,HND,2004,Honduras
8,1165,HND,HND,2009,Honduras
1,1967,HND,HND,2011,Honduras
2,3299,HND,HND,2013,Honduras
1,4157,HND,HND,2014,Honduras
1,10509,HND,HND,2016,Honduras
1,14424,HND,HND,2017,Honduras
5,26351,HND,HND,2019,Honduras
2,34456,HND,HND,2020,Honduras
4,168570,HRV,HRV,1992,Croatia
4,76256,HRV,HRV,1994,Croatia
1,245572,HRV,HRV,1995,Croatia
3,310090,HRV,HRV,1996,Croatia
8,349307,HRV,HRV,1997,Croatia
2,335200,HRV,HRV,2000,Croatia
3,290283,HRV,HRV,2001,Croatia
1,119154,HRV,HRV,2005,Croatia
2,97016,HRV,HRV,2008,Croatia
1,76479,HRV,HRV,2009,Croatia
2,49755,HRV,HRV,2013,Croatia
1,23451,HRV,HRV,2020,Croatia
2,1000,HTI,HTI,1974,Haiti
6,5230,HTI,HTI,1983,Haiti
10,5080,HTI,HTI,1987,Haiti
6,4699,HTI,HTI,1988,Haiti
3,3344,HTI,HTI,1989,Haiti
3,2092,HTI,HTI,1990,Haiti
17,1857,HTI,HTI,1991,Haiti
27,2483,HTI,HTI,1992,Haiti
27,9800,HTI,HTI,1994,Haiti
34,13927,HTI,HTI,1995,Haiti
27,15119,HTI,HTI,1996,Haiti
16,15479,HTI,HTI,1997,Haiti
1,13539,HTI,HTI,1998,Haiti
5,8768,HTI,HTI,1999,Haiti
9,7564,HTI,HTI,2000,Haiti
5,7246,HTI,HTI,2001,Haiti
2,7722,HTI,HTI,2002,Haiti
5,7550,HTI,HTI,2003,Haiti
2,9209,HTI,HTI,2004,Haiti
1,13538,HTI,HTI,2005,Haiti
1,20834,HTI,HTI,2006,Haiti
2,22275,HTI,HTI,2007,Haiti
1,29671,HTI,HTI,2016,Haiti
5,27517,HTI,HTI,2018,Haiti
4,26734,HTI,HTI,2019,Haiti
2,25649,HTI,HTI,2020,Haiti
1,4359,HUN,HUN,1989,Hungary
3,4734,HUN,HUN,1991,Hungary
1,3994,HUN,HUN,1992,Hungary
2,4468,HUN,HUN,1994,Hungary
13,3082,HUN,HUN,1996,Hungary
17,2670,HUN,HUN,1997,Hungary
2,1243,HUN,HUN,1998,Hungary
1,949,HUN,HUN,2001,Hungary
2,1612,HUN,HUN,2008,Hungary
1,1535,HUN,HUN,2009,Hungary
1,1264,HUN,HUN,2014,Hungary
1,1447,HUN,HUN,2015,Hungary
1,2909,HUN,HUN,2016,Hungary
1,4007,HUN,HUN,2019,Hungary
2,1000,IDN,IDN,1978,Indonesia
1,150,IDN,IDN,1981,Indonesia
2,11020,IDN,IDN,1984,Indonesia
2,11800,IDN,IDN,1985,Indonesia
4,11340,IDN,IDN,1986,Indonesia
2,7775,IDN,IDN,1989,Indonesia
3,7168,IDN,IDN,1990,Indonesia
7,6164,IDN,IDN,1991,Indonesia
4,6829,IDN,IDN,1992,Indonesia
5,8727,IDN,IDN,1994,Indonesia
24,9836,IDN,IDN,1995,Indonesia
65,11365,IDN,IDN,1996,Indonesia
27,8800,IDN,IDN,1997,Indonesia
3,9054,IDN,IDN,1998,Indonesia
60,9023,IDN,IDN,1999,Indonesia
101,9152,IDN,IDN,2000,Indonesia
106,8972,IDN,IDN,2001,Indonesia
43,9907,IDN,IDN,2002,Indonesia
18,16240,IDN,IDN,2003,Indonesia
17,27919,IDN,IDN,2004,Indonesia
15,34383,IDN,IDN,2005,Indonesia
10,34722,IDN,IDN,2006,Indonesia
2,20549,IDN,IDN,2007,Indonesia
13,19339,IDN,IDN,2008,Indonesia
19,18207,IDN,IDN,2009,Indonesia
4,16882,IDN,IDN,2010,Indonesia
21,16069,IDN,IDN,2011,Indonesia
39,15514,IDN,IDN,2012,Indonesia
32,14775,IDN,IDN,2013,Indonesia
35,14393,IDN,IDN,2014,Indonesia
29,13947,IDN,IDN,2015,Indonesia
19,13056,IDN,IDN,2016,Indonesia
27,12485,IDN,IDN,2017,Indonesia
43,12148,IDN,IDN,2018,Indonesia
26,12039,IDN,IDN,2019,Indonesia
19,13029,IDN,IDN,2020,Indonesia
26,13962,IDN,IDN,2021,Indonesia
358,10,IND,IND,1988,India
324,13,IND,IND,1989,India
349,197,IND,IND,1990,India
339,406,IND,IND,1991,India
237,1021,IND,IND,1992,India
107,3266,IND,IND,1994,India
179,5011,IND,IND,1995,India
213,7546,IND,IND,1996,India
193,8918,IND,IND,1997,India
61,9663,IND,IND,1998,India
112,9846,IND,IND,1999,India
180,11397,IND,IND,2000,India
234,11560,IND,IND,2001,India
184,14349,IND,IND,2002,India
196,13703,IND,IND,2003,India
108,13335,IND,IND,2004,India
146,16275,IND,IND,2005,India
167,17797,IND,IND,2006,India
150,20455,IND,IND,2007,India
535,19551,IND,IND,2008,India
672,19496,IND,IND,2009,India
663,17766,IND,IND,2010,India
645,16226,IND,IND,2011,India
613,14245,IND,IND,2012,India
694,11032,IND,IND,2013,India
860,10431,IND,IND,2014,India
885,9882,IND,IND,2015,India
1027,7288,IND,IND,2016,India
967,7926,IND,IND,2017,India
889,9586,IND,IND,2018,India
622,11787,IND,IND,2019,India
450,12398,IND,IND,2020,India
235,14230,IND,IND,2021,India
10,5,IRL,IRL,1994,Ireland
2,5,IRL,IRL,2001,Ireland
1,6,IRL,IRL,2003,Ireland
1,5,IRL,IRL,2006,Ireland
1,9,IRL,IRL,2007,Ireland
5,7,IRL,IRL,2008,Ireland
4,7,IRL,IRL,2010,Ireland
4,7,IRL,IRL,2011,Ireland
29,7,IRL,IRL,2012,Ireland
27,7,IRL,IRL,2013,Ireland
33,7,IRL,IRL,2014,Ireland
28,5,IRL,IRL,2015,Ireland
15,0,IRL,IRL,2016,Ireland
17,0,IRL,IRL,2017,Ireland
5,0,IRL,IRL,2018,Ireland
12,0,IRL,IRL,2019,Ireland
10,0,IRL,IRL,2020,Ireland
2,5,IRL,IRL,2021,Ireland
67,48,IRN,IRN,1980,"Iran, Islamic Republic of"
108,803,IRN,IRN,1981,"Iran, Islamic Republic of"
26,2480,IRN,IRN,1982,"Iran, Islamic Republic of"
10,5577,IRN,IRN,1983,"Iran, Islamic Republic of"
17,5244,IRN,IRN,1984,"Iran, Islamic Republic of"
3,88245,IRN,IRN,1985,"Iran, Islamic Republic of"
6,87921,IRN,IRN,1986,"Iran, Islamic Republic of"
1,10992,IRN,IRN,1987,"Iran, Islamic Republic of"
6,58259,IRN,IRN,1988,"Iran, Islamic Republic of"
6,52798,IRN,IRN,1989,"Iran, Islamic Republic of"
11,75889,IRN,IRN,1990,"Iran, Islamic Republic of"
9,130366,IRN,IRN,1991,"Iran, Islamic Republic of"
16,128781,IRN,IRN,1992,"Iran, Islamic Republic of"
43,121288,IRN,IRN,1994,"Iran, Islamic Republic of"
8,112360,IRN,IRN,1995,"Iran, Islamic Republic of"
3,104122,IRN,IRN,1996,"Iran, Islamic Republic of"
5,89967,IRN,IRN,1998,"Iran, Islamic Republic of"
8,86845,IRN,IRN,1999,"Iran, Islamic Republic of"
15,88266,IRN,IRN,2000,"Iran, Islamic Republic of"
4,92490,IRN,IRN,2001,"Iran, Islamic Republic of"
2,122530,IRN,IRN,2003,"Iran, Islamic Republic of"
5,99430,IRN,IRN,2005,"Iran, Islamic Republic of"
14,102479,IRN,IRN,2006,"Iran, Islamic Republic of"
9,68398,IRN,IRN,2007,"Iran, Islamic Republic of"
8,69051,IRN,IRN,2008,"Iran, Islamic Republic of"
15,72771,IRN,IRN,2009,"Iran, Islamic Republic of"
14,68785,IRN,IRN,2010,"Iran, Islamic Republic of"
13,72366,IRN,IRN,2011,"Iran, Islamic Republic of"
5,75932,IRN,IRN,2012,"Iran, Islamic Republic of"
11,75061,IRN,IRN,2013,"Iran, Islamic Republic of"
9,82202,IRN,IRN,2014,"Iran, Islamic Republic of"
9,84950,IRN,IRN,2015,"Iran, Islamic Republic of"
10,94102,IRN,IRN,2016,"Iran, Islamic Republic of"
11,118639,IRN,IRN,2017,"Iran, Islamic Republic of"
13,129941,IRN,IRN,2018,"Iran, Islamic Republic of"
8,128998,IRN,IRN,2019,"Iran, Islamic Republic of"
7,135018,IRN,IRN,2020,"Iran, Islamic Republic of"
4,142994,IRN,IRN,2021,"Iran, Islamic Republic of"
2,31000,IRQ,IRQ,1979,Iraq
6,31098,IRQ,IRQ,1980,Iraq
3,66589,IRQ,IRQ,1981,Iraq
5,103766,IRQ,IRQ,1982,Iraq
3,103721,IRQ,IRQ,1983,Iraq
2,101724,IRQ,IRQ,1984,Iraq
3,410818,IRQ,IRQ,1987,Iraq
4,508468,IRQ,IRQ,1988,Iraq
4,507986,IRQ,IRQ,1989,Iraq
3,1321853,IRQ,IRQ,1991,Iraq
35,1343824,IRQ,IRQ,1992,Iraq
18,749833,IRQ,IRQ,1994,Iraq
17,718717,IRQ,IRQ,1995,Iraq
12,714727,IRQ,IRQ,1996,Iraq
21,707342,IRQ,IRQ,1997,Iraq
7,675030,IRQ,IRQ,1998,Iraq
12,642875,IRQ,IRQ,1999,Iraq
10,526165,IRQ,IRQ,2000,Iraq
3,530508,IRQ,IRQ,2001,Iraq
6,422504,IRQ,IRQ,2002,Iraq
102,368577,IRQ,IRQ,2003,Iraq
323,311889,IRQ,IRQ,2004,Iraq
617,262302,IRQ,IRQ,2005,Iraq
837,1450908,IRQ,IRQ,2006,Iraq
1045,2309246,IRQ,IRQ,2007,Iraq
1106,1903516,IRQ,IRQ,2008,Iraq
1137,1785215,IRQ,IRQ,2009,Iraq
1179,1683576,IRQ,IRQ,2010,Iraq
1308,1428306,IRQ,IRQ,2011,Iraq
1435,746204,IRQ,IRQ,2012,Iraq
2852,401461,IRQ,IRQ,2013,Iraq
3934,369960,IRQ,IRQ,2014,Iraq
2751,264086,IRQ,IRQ,2015,Iraq
3395,316056,IRQ,IRQ,2016,Iraq
2548,362536,IRQ,IRQ,2017,Iraq
1364,372332,IRQ,IRQ,2018,Iraq
644,336274,IRQ,IRQ,2019,Iraq
764,333200,IRQ,IRQ,2020,Iraq
547,343899,IRQ,IRQ,2021,Iraq
1,0,ISL,ISL,2014,Iceland
32,5,ISR,ISR,1988,Israel
73,5,ISR,ISR,1989,Israel
81,14,ISR,ISR,1990,Israel
53,28,ISR,ISR,1991,Israel
58,37,ISR,ISR,1992,Israel
41,888,ISR,ISR,1994,Israel
12,937,ISR,ISR,1995,Israel
18,1121,ISR,ISR,1996,Israel
12,988,ISR,ISR,1997,Israel
12,832,ISR,ISR,1998,Israel
8,473,ISR,ISR,1999,Israel
13,414,ISR,ISR,2000,Israel
70,361,ISR,ISR,2001,Israel
71,561,ISR,ISR,2002,Israel
34,626,ISR,ISR,2003,Israel
18,669,ISR,ISR,2004,Israel
28,624,ISR,ISR,2005,Israel
79,876,ISR,ISR,2006,Israel
49,1539,ISR,ISR,2007,Israel
129,1486,ISR,ISR,2008,Israel
36,1298,ISR,ISR,2009,Israel
14,1290,ISR,ISR,2010,Israel
51,1323,ISR,ISR,2011,Israel
59,1326,ISR,ISR,2012,Israel
37,1026,ISR,ISR,2013,Israel
293,967,ISR,ISR,2014,Israel
58,787,ISR,ISR,2015,Israel
50,487,ISR,ISR,2016,Israel
34,469,ISR,ISR,2017,Israel
63,492,ISR,ISR,2018,Israel
65,452,ISR,ISR,2019,Israel
67,373,ISR,ISR,2020,Israel
101,453,ISR,ISR,2021,Israel
18,145,ITA,ITA,1994,Italy
1,120,ITA,ITA,1995,Italy
8,109,ITA,ITA,1996,Italy
8,112,ITA,ITA,1997,Italy
6,76,ITA,ITA,1998,Italy
7,49,ITA,ITA,1999,Italy
8,46,ITA,ITA,2000,Italy
11,36,ITA,ITA,2001,Italy
7,223,ITA,ITA,2002,Italy
15,208,ITA,ITA,2003,Italy
3,192,ITA,ITA,2004,Italy
6,219,ITA,ITA,2005,Italy
4,106,ITA,ITA,2006,Italy
1,57,ITA,ITA,2008,Italy
4,42,ITA,ITA,2009,Italy
10,45,ITA,ITA,2010,Italy
5,57,ITA,ITA,2011,Italy
10,65,ITA,ITA,2012,Italy
7,64,ITA,ITA,2013,Italy
7,63,ITA,ITA,2014,Italy
6,69,ITA,ITA,2015,Italy
11,49,ITA,ITA,2016,Italy
10,52,ITA,ITA,2017,Italy
15,69,ITA,ITA,2018,Italy
8,76,ITA,ITA,2019,Italy
13,62,ITA,ITA,2020,Italy
3,61,ITA,ITA,2021,Italy
2,10,JAM,JAM,1994,Jamaica
1,11,JAM,JAM,1995,Jamaica
1,18,JAM,JAM,1996,Jamaica
8,21,JAM,JAM,1997,Jamaica
1,766,JAM,JAM,2007,Jamaica
1,1682,JAM,JAM,2014,Jamaica
2,2224,JAM,JAM,2017,Jamaica
5,5,JOR,JOR,1984,Jordan
1,7,JOR,JOR,1988,Jordan
3,56,JOR,JOR,1990,Jordan
11,114,JOR,JOR,1991,Jordan
2,183,JOR,JOR,1992,Jordan
6,440,JOR,JOR,1994,Jordan
3,511,JOR,JOR,1995,Jordan
2,707,JOR,JOR,1996,Jordan
3,720,JOR,JOR,1997,Jordan
1,897,JOR,JOR,1998,Jordan
2,970,JOR,JOR,1999,Jordan
2,915,JOR,JOR,2000,Jordan
2,773,JOR,JOR,2001,Jordan
2,1280,JOR,JOR,2002,Jordan
4,1778,JOR,JOR,2005,Jordan
1,1592,JOR,JOR,2006,Jordan
2,2248,JOR,JOR,2010,Jordan
2,2363,JOR,JOR,2012,Jordan
1,1622,JOR,JOR,2013,Jordan
3,1711,JOR,JOR,2014,Jordan
4,1836,JOR,JOR,2015,Jordan
11,1919,JOR,JOR,2016,Jordan
8,2119,JOR,JOR,2017,Jordan
2,2430,JOR,JOR,2018,Jordan
4,2308,JOR,JOR,2019,Jordan
9,7,JPN,JPN,1994,Japan
20,5,JPN,JPN,1995,Japan
13,5,JPN,JPN,2000,Japan
3,5,JPN,JPN,2001,Japan
2,14,JPN,JPN,2002,Japan
2,17,JPN,JPN,2003,Japan
3,183,JPN,JPN,2008,Japan
1,148,JPN,JPN,2009,Japan
1,154,JPN,JPN,2013,Japan
5,257,JPN,JPN,2014,Japan
10,140,JPN,JPN,2015,Japan
1,53,JPN,JPN,2016,Japan
1,42,JPN,JPN,2018,Japan
2,39,JPN,JPN,2019,Japan
1,24,KAZ,KAZ,1994,Kazakhstan
2,40772,KAZ,KAZ,1997,Kazakhstan
1,2537,KAZ,KAZ,2000,Kazakhstan
1,2803,KAZ,KAZ,2001,Kazakhstan
1,4825,KAZ,KAZ,2008,Kazakhstan
5,3497,KAZ,KAZ,2011,Kazakhstan
4,3567,KAZ,KAZ,2012,Kazakhstan
4,2114,KAZ,KAZ,2013,Kazakhstan
3,2366,KAZ,KAZ,2016,Kazakhstan
1,2757,KAZ,KAZ,2019,Kazakhstan
3,2741,KAZ,KAZ,2020,Kazakhstan
4,90,KEN,KEN,1975,Kenya
1,80,KEN,KEN,1978,Kenya
5,31,KEN,KEN,1991,Kenya
30,61,KEN,KEN,1992,Kenya
5,8772,KEN,KEN,1994,Kenya
4,9320,KEN,KEN,1995,Kenya
3,9390,KEN,KEN,1996,Kenya
17,9563,KEN,KEN,1997,Kenya
2,6037,KEN,KEN,1998,Kenya
4,2367,KEN,KEN,2000,Kenya
7,2551,KEN,KEN,2001,Kenya
2,3089,KEN,KEN,2002,Kenya
2,3159,KEN,KEN,2003,Kenya
2,4638,KEN,KEN,2005,Kenya
2,5356,KEN,KEN,2006,Kenya
12,7544,KEN,KEN,2007,Kenya
11,9682,KEN,KEN,2008,Kenya
1,9609,KEN,KEN,2009,Kenya
12,8585,KEN,KEN,2010,Kenya
42,8731,KEN,KEN,2011,Kenya
80,8946,KEN,KEN,2012,Kenya
80,8580,KEN,KEN,2013,Kenya
115,8546,KEN,KEN,2014,Kenya
70,7902,KEN,KEN,2015,Kenya
65,7526,KEN,KEN,2016,Kenya
97,7567,KEN,KEN,2017,Kenya
52,7480,KEN,KEN,2018,Kenya
50,7705,KEN,KEN,2019,Kenya
66,7422,KEN,KEN,2020,Kenya
33,7529,KEN,KEN,2021,Kenya
5,17118,KGZ,KGZ,1996,Kyrgyzstan
3,4003,KGZ,KGZ,1999,Kyrgyzstan
4,747,KGZ,KGZ,2000,Kyrgyzstan
1,687,KGZ,KGZ,2001,Kyrgyzstan
2,2952,KGZ,KGZ,2002,Kyrgyzstan
1,3142,KGZ,KGZ,2003,Kyrgyzstan
2,3127,KGZ,KGZ,2005,Kyrgyzstan
3,2493,KGZ,KGZ,2006,Kyrgyzstan
1,2257,KGZ,KGZ,2007,Kyrgyzstan
1,2748,KGZ,KGZ,2010,Kyrgyzstan
1,3163,KGZ,KGZ,2011,Kyrgyzstan
2,2449,KGZ,KGZ,2014,Kyrgyzstan
3,2498,KGZ,KGZ,2015,Kyrgyzstan
4,2571,KGZ,KGZ,2016,Kyrgyzstan
3,2771,KGZ,KGZ,2017,Kyrgyzstan
1,2934,KGZ,KGZ,2018,Kyrgyzstan
2,2883,KGZ,KGZ,2020,Kyrgyzstan
2,57000,KHM,KHM,1971,Cambodia
2,55000,KHM,KHM,1972,Cambodia
1,165120,KHM,KHM,1978,Cambodia
2,75725,KHM,KHM,1989,Cambodia
2,54364,KHM,KHM,1990,Cambodia
3,43166,KHM,KHM,1991,Cambodia
67,28849,KHM,KHM,1992,Cambodia
39,8536,KHM,KHM,1994,Cambodia
56,61224,KHM,KHM,1995,Cambodia
33,62240,KHM,KHM,1996,Cambodia
18,103239,KHM,KHM,1997,Cambodia
7,76575,KHM,KHM,1998,Cambodia
8,38318,KHM,KHM,1999,Cambodia
4,36851,KHM,KHM,2000,Cambodia
7,34756,KHM,KHM,2001,Cambodia
3,33451,KHM,KHM,2002,Cambodia
1,31404,KHM,KHM,2003,Cambodia
2,17250,KHM,KHM,2008,Cambodia
2,13738,KHM,KHM,2013,Cambodia
1,12139,KHM,KHM,2018,Cambodia
1,11862,KHM,KHM,2020,Cambodia
6,5,KOR,KOR,1991,"Korea, Republic of"
3,5,KOR,KOR,1992,"Korea, Republic of"
2,17,KOR,KOR,1994,"Korea, Republic of"
4,29,KOR,KOR,1995,"Korea, Republic of"
1,40,KOR,KOR,1996,"Korea, Republic of"
1,83,KOR,KOR,2001,"Korea, Republic of"
1,236,KOR,KOR,2003,"Korea, Republic of"
1,1333,KOR,KOR,2006,"Korea, Republic of"
1,346,KOR,KOR,2015,"Korea, Republic of"
1,243,KOR,KOR,2016,"Korea, Republic of"
1,274,KOR,KOR,2018,"Korea, Republic of"
1,180,KOR,KOR,2019,"Korea, Republic of"
5,49,KWT,KWT,1991,Kuwait
15,77,KWT,KWT,1992,Kuwait
2,758,KWT,KWT,1994,Kuwait
2,824,KWT,KWT,1997,Kuwait
2,696,KWT,KWT,2001,Kuwait
1,705,KWT,KWT,2002,Kuwait
3,615,KWT,KWT,2003,Kuwait
2,374,KWT,KWT,2005,Kuwait
1,1112,KWT,KWT,2011,Kuwait
1,1076,KWT,KWT,2015,Kuwait
2,1013,KWT,KWT,2016,Kuwait
120,12590,LBN,LBN,1982,Lebanon
234,27270,LBN,LBN,1983,Lebanon
166,30060,LBN,LBN,1984,Lebanon
96,33140,LBN,LBN,1985,Lebanon
106,630,LBN,LBN,1986,Lebanon
125,439,LBN,LBN,1988,Lebanon
142,2197,LBN,LBN,1989,Lebanon
84,6993,LBN,LBN,1990,Lebanon
91,8501,LBN,LBN,1991,Lebanon
91,10257,LBN,LBN,1992,Lebanon
67,15649,LBN,LBN,1994,Lebanon
38,13513,LBN,LBN,1995,Lebanon
39,10888,LBN,LBN,1996,Lebanon
46,10228,LBN,LBN,1997,Lebanon
23,9782,LBN,LBN,1998,Lebanon
42,7677,LBN,LBN,1999,Lebanon
12,10208,LBN,LBN,2000,Lebanon
5,8754,LBN,LBN,2001,Lebanon
8,26313,LBN,LBN,2002,Lebanon
5,24929,LBN,LBN,2003,Lebanon
1,19854,LBN,LBN,2004,Lebanon
17,18325,LBN,LBN,2005,Lebanon
8,12249,LBN,LBN,2006,Lebanon
18,13089,LBN,LBN,2007,Lebanon
58,12966,LBN,LBN,2008,Lebanon
14,16250,LBN,LBN,2009,Lebanon
5,15864,LBN,LBN,2010,Lebanon
10,15004,LBN,LBN,2011,Lebanon
15,15100,LBN,LBN,2012,Lebanon
121,3809,LBN,LBN,2013,Lebanon
205,4262,LBN,LBN,2014,Lebanon
44,4353,LBN,LBN,2015,Lebanon
41,4719,LBN,LBN,2016,Lebanon
24,5301,LBN,LBN,2017,Lebanon
8,5620,LBN,LBN,2018,Lebanon
7,5647,LBN,LBN,2019,Lebanon
10,5495,LBN,LBN,2020,Lebanon
1,6061,LBN,LBN,2021,Lebanon
4,735687,LBR,LBR,1990,Liberia
1,673433,LBR,LBR,1991,Liberia
10,520914,LBR,LBR,1992,Liberia
3,797834,LBR,LBR,1994,Liberia
1,783992,LBR,LBR,1996,Liberia
2,294685,LBR,LBR,1999,Liberia
1,266926,LBR,LBR,2000,Liberia
3,244603,LBR,LBR,2001,Liberia
3,275414,LBR,LBR,2002,Liberia
2,353340,LBR,LBR,2003,Liberia
1,75221,LBR,LBR,2008,Liberia
1,23428,LBR,LBR,2012,Liberia
1,13561,LBR,LBR,2014,Liberia
1,6039,LBR,LBR,2017,Liberia
1,5365,LBR,LBR,2019,Liberia
2,5384,LBR,LBR,2021,Liberia
2,205,LBY,LBY,1980,Libya
3,291,LBY,LBY,1984,Libya
1,687,LBY,LBY,1992,Libya
1,622,LBY,LBY,1995,Libya
4,271,LBY,LBY,1996,Libya
1,1939,LBY,LBY,2007,Libya
1,2068,LBY,LBY,2008,Libya
2,4372,LBY,LBY,2011,Libya
57,5233,LBY,LBY,2012,Libya
291,3298,LBY,LBY,2013,Libya
729,4187,LBY,LBY,2014,Libya
543,6077,LBY,LBY,2015,Libya
422,8831,LBY,LBY,2016,Libya
191,11205,LBY,LBY,2017,Libya
167,13868,LBY,LBY,2018,Libya
70,16033,LBY,LBY,2019,Libya
17,17523,LBY,LBY,2020,Libya
8,19090,LBY,LBY,2021,Libya
110,160,LKA,LKA,1985,Sri Lanka
142,315,LKA,LKA,1986,Sri Lanka
115,219,LKA,LKA,1987,Sri Lanka
350,3388,LKA,LKA,1988,Sri Lanka
510,7692,LKA,LKA,1989,Sri Lanka
140,208271,LKA,LKA,1990,Sri Lanka
115,209349,LKA,LKA,1991,Sri Lanka
103,128115,LKA,LKA,1992,Sri Lanka
35,114454,LKA,LKA,1994,Sri Lanka
126,107587,LKA,LKA,1995,Sri Lanka
176,109576,LKA,LKA,1996,Sri Lanka
63,122277,LKA,LKA,1997,Sri Lanka
35,114971,LKA,LKA,1998,Sri Lanka
46,116698,LKA,LKA,1999,Sri Lanka
67,124156,LKA,LKA,2000,Sri Lanka
36,122414,LKA,LKA,2001,Sri Lanka
3,133240,LKA,LKA,2002,Sri Lanka
9,122005,LKA,LKA,2003,Sri Lanka
33,114050,LKA,LKA,2004,Sri Lanka
133,108132,LKA,LKA,2005,Sri Lanka
216,116948,LKA,LKA,2006,Sri Lanka
132,134945,LKA,LKA,2007,Sri Lanka
100,137742,LKA,LKA,2008,Sri Lanka
37,145711,LKA,LKA,2009,Sri Lanka
3,141064,LKA,LKA,2010,Sri Lanka
4,132720,LKA,LKA,2012,Sri Lanka
14,123074,LKA,LKA,2013,Sri Lanka
16,121991,LKA,LKA,2014,Sri Lanka
11,121427,LKA,LKA,2015,Sri Lanka
1,117472,LKA,LKA,2016,Sri Lanka
41,115632,LKA,LKA,2017,Sri Lanka
7,113955,LKA,LKA,2018,Sri Lanka
15,110341,LKA,LKA,2019,Sri Lanka
1,142664,LKA,LKA,2020,Sri Lanka
1,151112,LKA,LKA,2021,Sri Lanka
2,160,LSO,LSO,1979,Lesotho
5,80,LSO,LSO,1981,Lesotho
1,5,LSO,LSO,2006,Lesotho
1,5,LSO,LSO,2009,Lesotho
1,16,LSO,LSO,2015,Lesotho
1,5,LTU,LTU,1991,Lithuania
1,10,LTU,LTU,1992,Lithuania
2,107,LTU,LTU,1995,Lithuania
3,659,LTU,LTU,1996,Lithuania
1,650,LTU,LTU,1997,Lithuania
1,66,LTU,LTU,2018,Lithuania
1,61,LTU,LTU,2019,Lithuania
2,5,LVA,LVA,1992,Latvia
2,95,LVA,LVA,1994,Latvia
1,158,LVA,LVA,1995,Latvia
2,1916,LVA,LVA,1997,Latvia
4,1014,LVA,LVA,1998,Latvia
1,903,LVA,LVA,1999,Latvia
3,484,LVA,LVA,2000,Latvia
1,660,LVA,LVA,2007,Latvia
1,162,LVA,LVA,2017,Latvia
1,122,LVA,LVA,2021,Latvia
3,46,MAR,MAR,1991,Morocco
1,92,MAR,MAR,1992,Morocco
2,179,MAR,MAR,1994,Morocco
1,300,MAR,MAR,1995,Morocco
2,302,MAR,MAR,1996,Morocco
5,1291,MAR,MAR,2003,Morocco
6,4036,MAR,MAR,2007,Morocco
1,2305,MAR,MAR,2011,Morocco
1,1760,MAR,MAR,2015,Morocco
1,3873,MAR,MAR,2018,Morocco
1,455,MDA,MDA,1994,"Moldova, Republic of"
2,5826,MDA,MDA,1996,"Moldova, Republic of"
1,5137,MDA,MDA,1997,"Moldova, Republic of"
1,2650,MDA,MDA,2000,"Moldova, Republic of"
1,11680,MDA,MDA,2006,"Moldova, Republic of"
1,5928,MDA,MDA,2009,"Moldova, Republic of"
1,6148,MDA,MDA,2012,"Moldova, Republic of"
1,2316,MDA,MDA,2016,"Moldova, Republic of"
3,77,MDG,MDG,1995,Madagascar
2,76,MDG,MDG,1996,Madagascar
1,74,MDG,MDG,1997,Madagascar
5,52,MDG,MDG,2002,Madagascar
1,258,MDG,MDG,2006,Madagascar
1,271,MDG,MDG,2009,Madagascar
1,287,MDG,MDG,2011,Madagascar
1,299,MDG,MDG,2012,Madagascar
2,298,MDG,MDG,2013,Madagascar
1,279,MDG,MDG,2014,Madagascar
1,292,MDG,MDG,2016,Madagascar
1,15,MDV,MDV,2006,Maldives
1,15,MDV,MDV,2007,Maldives
1,15,MDV,MDV,2008,Maldives
2,22,MDV,MDV,2012,Maldives
3,30,MDV,MDV,2013,Maldives
10,32,MDV,MDV,2014,Maldives
2,39,MDV,MDV,2015,Maldives
1,58,MDV,MDV,2016,Maldives
2,64,MDV,MDV,2017,Maldives
2,74,MDV,MDV,2018,Maldives
1,75,MDV,MDV,2019,Maldives
2,78,MDV,MDV,2020,Maldives
1,80,MDV,MDV,2021,Maldives
42,248,MEX,MEX,1994,Mexico
29,361,MEX,MEX,1995,Mexico
75,520,MEX,MEX,1996,Mexico
95,663,MEX,MEX,1997,Mexico
2,1011,MEX,MEX,1998,Mexico
1,1358,MEX,MEX,1999,Mexico
4,1288,MEX,MEX,2000,Mexico
7,1592,MEX,MEX,2001,Mexico
1,1650,MEX,MEX,2003,Mexico
1,1740,MEX,MEX,2004,Mexico
1,2309,MEX,MEX,2005,Mexico
7,3301,MEX,MEX,2006,Mexico
10,5568,MEX,MEX,2007,Mexico
8,6160,MEX,MEX,2008,Mexico
1,6433,MEX,MEX,2009,Mexico
5,6809,MEX,MEX,2010,Mexico
2,7471,MEX,MEX,2011,Mexico
16,8438,MEX,MEX,2012,Mexico
8,9396,MEX,MEX,2013,Mexico
5,10672,MEX,MEX,2014,Mexico
19,11340,MEX,MEX,2015,Mexico
7,10387,MEX,MEX,2016,Mexico
23,11679,MEX,MEX,2017,Mexico
27,12870,MEX,MEX,2018,Mexico
31,14621,MEX,MEX,2019,Mexico
13,15398,MEX,MEX,2020,Mexico
21,16403,MEX,MEX,2021,Mexico
1,346,MKD,MKD,1994,North Macedonia
1,12881,MKD,MKD,1995,North Macedonia
2,12742,MKD,MKD,1997,North Macedonia
5,1934,MKD,MKD,1998,North Macedonia
3,2091,MKD,MKD,1999,North Macedonia
3,2175,MKD,MKD,2000,North Macedonia
67,12192,MKD,MKD,2001,North Macedonia
8,8102,MKD,MKD,2002,North Macedonia
5,5981,MKD,MKD,2003,North Macedonia
3,7937,MKD,MKD,2006,North Macedonia
1,8072,MKD,MKD,2007,North Macedonia
9,7513,MKD,MKD,2008,North Macedonia
1,7921,MKD,MKD,2009,North Macedonia
1,7582,MKD,MKD,2012,North Macedonia
3,1752,MKD,MKD,2014,North Macedonia
4,1769,MKD,MKD,2015,North Macedonia
1,1653,MKD,MKD,2017,North Macedonia
12,14705,MLI,MLI,1991,Mali
3,71190,MLI,MLI,1992,Mali
13,172903,MLI,MLI,1994,Mali
1,77218,MLI,MLI,1995,Mali
3,18014,MLI,MLI,1997,Mali
1,512,MLI,MLI,2005,Mali
5,4489,MLI,MLI,2007,Mali
9,1751,MLI,MLI,2008,Mali
6,2927,MLI,MLI,2009,Mali
1,3659,MLI,MLI,2010,Mali
4,4289,MLI,MLI,2011,Mali
19,149930,MLI,MLI,2012,Mali
58,152812,MLI,MLI,2013,Mali
69,139249,MLI,MLI,2014,Mali
121,154202,MLI,MLI,2015,Mali
100,156415,MLI,MLI,2016,Mali
142,150305,MLI,MLI,2017,Mali
164,158267,MLI,MLI,2018,Mali
139,164466,MLI,MLI,2019,Mali
138,164588,MLI,MLI,2020,Mali
76,183392,MLI,MLI,2021,Mali
2,13,MLT,MLT,1995,Malta
1,14,MLT,MLT,1997,Malta
1,0,MLT,MLT,2015,Malta
3,0,MLT,MLT,2017,Malta
23,7,MMR,MMR,1988,Myanmar
9,24,MMR,MMR,1990,Myanmar
22,40052,MMR,MMR,1991,Myanmar
12,245127,MMR,MMR,1992,Myanmar
8,204512,MMR,MMR,1994,Myanmar
12,152301,MMR,MMR,1995,Myanmar
13,143019,MMR,MMR,1996,Myanmar
35,135771,MMR,MMR,1997,Myanmar
4,131661,MMR,MMR,1999,Myanmar
3,145849,MMR,MMR,2001,Myanmar
4,148493,MMR,MMR,2002,Myanmar
9,151370,MMR,MMR,2003,Myanmar
2,160997,MMR,MMR,2004,Myanmar
8,164851,MMR,MMR,2005,Myanmar
2,202817,MMR,MMR,2006,Myanmar
3,191308,MMR,MMR,2007,Myanmar
20,184410,MMR,MMR,2008,Myanmar
14,406667,MMR,MMR,2009,Myanmar
11,415662,MMR,MMR,2010,Myanmar
2,414615,MMR,MMR,2011,Myanmar
17,415363,MMR,MMR,2012,Myanmar
18,479594,MMR,MMR,2013,Myanmar
16,479006,MMR,MMR,2014,Myanmar
37,451804,MMR,MMR,2015,Myanmar
74,490285,MMR,MMR,2016,Myanmar
116,1156742,MMR,MMR,2017,Myanmar
40,1145149,MMR,MMR,2018,Myanmar
90,1076826,MMR,MMR,2019,Myanmar
65,1103245,MMR,MMR,2020,Myanmar
216,1177327,MMR,MMR,2021,Myanmar
1,555,MNE,MNE,2007,Montenegro
2,542,MNE,MNE,2013,Montenegro
1,646,MNE,MNE,2015,Montenegro
3,715,MNE,MNE,2018,Montenegro
2,130,MOZ,MOZ,1978,Mozambique
5,370,MOZ,MOZ,1979,Mozambique
3,5170,MOZ,MOZ,1981,Mozambique
9,20200,MOZ,MOZ,1982,Mozambique
4,50200,MOZ,MOZ,1983,Mozambique
10,51200,MOZ,MOZ,1984,Mozambique
5,72250,MOZ,MOZ,1985,Mozambique
7,193550,MOZ,MOZ,1986,Mozambique
11,635000,MOZ,MOZ,1987,Mozambique
16,921237,MOZ,MOZ,1988,Mozambique
64,1120756,MOZ,MOZ,1989,Mozambique
23,1247991,MOZ,MOZ,1990,Mozambique
35,1316635,MOZ,MOZ,1991,Mozambique
19,1445474,MOZ,MOZ,1992,Mozambique
3,234495,MOZ,MOZ,1994,Mozambique
3,125561,MOZ,MOZ,1995,Mozambique
1,26,MOZ,MOZ,1999,Mozambique
3,24,MOZ,MOZ,2000,Mozambique
1,213,MOZ,MOZ,2007,Mozambique
1,155,MOZ,MOZ,2012,Mozambique
18,51,MOZ,MOZ,2013,Mozambique
22,55,MOZ,MOZ,2014,Mozambique
8,55,MOZ,MOZ,2015,Mozambique
79,48,MOZ,MOZ,2016,Mozambique
15,48,MOZ,MOZ,2017,Mozambique
65,57,MOZ,MOZ,2018,Mozambique
133,77,MOZ,MOZ,2019,Mozambique
220,81,MOZ,MOZ,2020,Mozambique
41,90,MOZ,MOZ,2021,Mozambique
1,83231,MRT,MRT,1996,Mauritania
1,31104,MRT,MRT,2004,Mauritania
1,31650,MRT,MRT,2005,Mauritania
2,45592,MRT,MRT,2008,Mauritania
5,39134,MRT,MRT,2009,Mauritania
1,37721,MRT,MRT,2010,Mauritania
3,39919,MRT,MRT,2011,Mauritania
1,37050,MRT,MRT,2018,Mauritania
3,50,MWI,MWI,1992,Malawi
1,48,MWI,MWI,2002,Malawi
1,434,MWI,MWI,2017,Malawi
2,472,MWI,MWI,2018,Malawi
5,514,MWI,MWI,2019,Malawi
3,5,MYS,MYS,1991,Malaysia
2,5,MYS,MYS,1992,Malaysia
3,79,MYS,MYS,2000,Malaysia
1,77,MYS,MYS,2001,Malaysia
2,607,MYS,MYS,2008,Malaysia
1,530,MYS,MYS,2009,Malaysia
2,523,MYS,MYS,2012,Malaysia
13,478,MYS,MYS,2013,Malaysia
12,458,MYS,MYS,2014,Malaysia
5,435,MYS,MYS,2015,Malaysia
19,453,MYS,MYS,2016,Malaysia
4,540,MYS,MYS,2017,Malaysia
7,817,MYS,MYS,2018,Malaysia
2,906,MYS,MYS,2019,Malaysia
1,1058,MYS,MYS,2020,Malaysia
1,3970,NAM,NAM,1975,Namibia
2,9020,NAM,NAM,1976,Namibia
8,35760,NAM,NAM,1978,Namibia
31,40580,NAM,NAM,1979,Namibia
2,55620,NAM,NAM,1980,Namibia
2,75170,NAM,NAM,1982,Namibia
5,75110,NAM,NAM,1983,Namibia
24,77550,NAM,NAM,1984,Namibia
8,76916,NAM,NAM,1985,Namibia
1,76966,NAM,NAM,1986,Namibia
7,75726,NAM,NAM,1987,Namibia
17,76591,NAM,NAM,1988,Namibia
11,3704,NAM,NAM,1989,Namibia
2,532,NAM,NAM,1990,Namibia
1,204,NAM,NAM,1991,Namibia
1,65,NAM,NAM,1994,Namibia
1,702,NAM,NAM,1999,Namibia
21,2307,NAM,NAM,2000,Namibia
6,2295,NAM,NAM,2001,Namibia
2,15,NGA,NGA,1988,Nigeria
1,15,NGA,NGA,1989,Nigeria
9,22,NGA,NGA,1991,Nigeria
27,75,NGA,NGA,1992,Nigeria
16,587,NGA,NGA,1994,Nigeria
3,1942,NGA,NGA,1995,Nigeria
12,4751,NGA,NGA,1996,Nigeria
23,3043,NGA,NGA,1997,Nigeria
2,3998,NGA,NGA,1998,Nigeria
20,4440,NGA,NGA,1999,Nigeria
6,5735,NGA,NGA,2000,Nigeria
5,6077,NGA,NGA,2001,Nigeria
6,24559,NGA,NGA,2002,Nigeria
9,24414,NGA,NGA,2003,Nigeria
6,23882,NGA,NGA,2004,Nigeria
9,22123,NGA,NGA,2005,Nigeria
37,13242,NGA,NGA,2006,Nigeria
68,13898,NGA,NGA,2007,Nigeria
85,14170,NGA,NGA,2008,Nigeria
46,15609,NGA,NGA,2009,Nigeria
66,15645,NGA,NGA,2010,Nigeria
177,17140,NGA,NGA,2011,Nigeria
616,18017,NGA,NGA,2012,Nigeria
351,31173,NGA,NGA,2013,Nigeria
718,90936,NGA,NGA,2014,Nigeria
682,167973,NGA,NGA,2015,Nigeria
560,229290,NGA,NGA,2016,Nigeria
501,238977,NGA,NGA,2017,Nigeria
669,276834,NGA,NGA,2018,Nigeria
556,295578,NGA,NGA,2019,Nigeria
513,352960,NGA,NGA,2020,Nigeria
486,383660,NGA,NGA,2021,Nigeria
76,144800,NIC,NIC,1978,Nicaragua
206,16600,NIC,NIC,1979,Nicaragua
35,960,NIC,NIC,1980,Nicaragua
47,2500,NIC,NIC,1981,Nicaragua
63,18970,NIC,NIC,1982,Nicaragua
299,23520,NIC,NIC,1983,Nicaragua
302,35020,NIC,NIC,1984,Nicaragua
258,52650,NIC,NIC,1985,Nicaragua
171,67550,NIC,NIC,1986,Nicaragua
223,68540,NIC,NIC,1987,Nicaragua
62,86563,NIC,NIC,1988,Nicaragua
21,97698,NIC,NIC,1989,Nicaragua
15,52617,NIC,NIC,1990,Nicaragua
80,46789,NIC,NIC,1991,Nicaragua
30,44275,NIC,NIC,1992,Nicaragua
19,28596,NIC,NIC,1994,Nicaragua
18,23936,NIC,NIC,1995,Nicaragua
26,22818,NIC,NIC,1996,Nicaragua
7,22495,NIC,NIC,1997,Nicaragua
1,20572,NIC,NIC,1999,Nicaragua
1,5070,NIC,NIC,2000,Nicaragua
2,1580,NIC,NIC,2014,Nicaragua
7,1671,NIC,NIC,2018,Nicaragua
3,4376,NIC,NIC,2019,Nicaragua
3,8701,NIC,NIC,2020,Nicaragua
3,75,NLD,NLD,1994,Netherlands
7,86,NLD,NLD,1995,Netherlands
6,97,NLD,NLD,1996,Netherlands
1,77,NLD,NLD,1997,Netherlands
1,29,NLD,NLD,1999,Netherlands
1,14,NLD,NLD,2000,Netherlands
1,5,NLD,NLD,2001,Netherlands
2,32,NLD,NLD,2002,Netherlands
3,38,NLD,NLD,2003,Netherlands
1,45,NLD,NLD,2004,Netherlands
1,46,NLD,NLD,2008,Netherlands
1,44,NLD,NLD,2009,Netherlands
1,52,NLD,NLD,2010,Netherlands
2,61,NLD,NLD,2011,Netherlands
1,63,NLD,NLD,2014,Netherlands
3,64,NLD,NLD,2015,Netherlands
6,32,NLD,NLD,2016,Netherlands
1,39,NLD,NLD,2017,Netherlands
6,41,NLD,NLD,2018,Netherlands
4,55,NLD,NLD,2019,Netherlands
37,51,NLD,NLD,2020,Netherlands
6,58,NLD,NLD,2021,Netherlands
1,5,NOR,NOR,2003,Norway
3,5,NOR,NOR,2011,Norway
1,15,NOR,NOR,2017,Norway
3,5,NOR,NOR,2019,Norway
2,5,NOR,NOR,2020,Norway
3,5,NPL,NPL,1994,Nepal
5,44,NPL,NPL,1996,Nepal
9,49,NPL,NPL,1997,Nepal
8,178,NPL,NPL,1999,Nepal
23,227,NPL,NPL,2000,Nepal
33,300,NPL,NPL,2001,Nepal
58,899,NPL,NPL,2002,Nepal
15,1232,NPL,NPL,2003,Nepal
62,1414,NPL,NPL,2004,Nepal
70,2061,NPL,NPL,2005,Nepal
83,2651,NPL,NPL,2006,Nepal
90,3364,NPL,NPL,2007,Nepal
120,4190,NPL,NPL,2008,Nepal
39,5101,NPL,NPL,2009,Nepal
38,5883,NPL,NPL,2010,Nepal
46,6845,NPL,NPL,2011,Nepal
46,7601,NPL,NPL,2012,Nepal
104,8098,NPL,NPL,2013,Nepal
7,8542,NPL,NPL,2014,Nepal
48,9051,NPL,NPL,2015,Nepal
43,8364,NPL,NPL,2016,Nepal
247,8415,NPL,NPL,2017,Nepal
99,8590,NPL,NPL,2018,Nepal
200,8034,NPL,NPL,2019,Nepal
37,7483,NPL,NPL,2020,Nepal
3,7029,NPL,NPL,2021,Nepal
1,0,NZL,NZL,2001,New Zealand
3,0,NZL,NZL,2003,New Zealand
4,8,NZL,NZL,2008,New Zealand
1,14,NZL,NZL,2014,New Zealand
1,25,NZL,NZL,2016,New Zealand
2,34,NZL,NZL,2019,New Zealand
12,35,NZL,NZL,2020,New Zealand
44,274,PAK,PAK,1988,Pakistan
45,409,PAK,PAK,1989,Pakistan
87,485,PAK,PAK,1990,Pakistan
150,523,PAK,PAK,1991,Pakistan
85,1088,PAK,PAK,1992,Pakistan
154,4431,PAK,PAK,1994,Pakistan
666,5277,PAK,PAK,1995,Pakistan
180,7499,PAK,PAK,1996,Pakistan
206,5983,PAK,PAK,1997,Pakistan
37,6860,PAK,PAK,1998,Pakistan
39,8011,PAK,PAK,1999,Pakistan
49,10134,PAK,PAK,2000,Pakistan
53,12326,PAK,PAK,2001,Pakistan
46,23164,PAK,PAK,2002,Pakistan
29,24390,PAK,PAK,2003,Pakistan
67,25943,PAK,PAK,2004,Pakistan
77,29906,PAK,PAK,2005,Pakistan
164,25636,PAK,PAK,2006,Pakistan
260,31847,PAK,PAK,2007,Pakistan
568,32391,PAK,PAK,2008,Pakistan
667,35129,PAK,PAK,2009,Pakistan
713,39979,PAK,PAK,2010,Pakistan
1012,35948,PAK,PAK,2011,Pakistan
1655,49778,PAK,PAK,2012,Pakistan
2215,48676,PAK,PAK,2013,Pakistan
2149,335947,PAK,PAK,2014,Pakistan
1243,297886,PAK,PAK,2015,Pakistan
864,105419,PAK,PAK,2016,Pakistan
719,128914,PAK,PAK,2017,Pakistan
480,132248,PAK,PAK,2018,Pakistan
363,136902,PAK,PAK,2019,Pakistan
294,133280,PAK,PAK,2020,Pakistan
150,132818,PAK,PAK,2021,Pakistan
1,47,PAN,PAN,1988,Panama
2,365,PAN,PAN,1989,Panama
15,629,PAN,PAN,1990,Panama
16,640,PAN,PAN,1991,Panama
37,652,PAN,PAN,1992,Panama
3,486,PAN,PAN,1994,Panama
6,158,PAN,PAN,1995,Panama
2,146,PAN,PAN,1996,Panama
6,123,PAN,PAN,1997,Panama
1,73,PAN,PAN,1999,Panama
1,70,PAN,PAN,2000,Panama
1,102,PAN,PAN,2009,Panama
1,33,PAN,PAN,2016,Panama
355,5,PER,PER,1988,Peru
630,26,PER,PER,1989,Peru
495,255,PER,PER,1990,Peru
658,473,PER,PER,1991,Peru
383,727,PER,PER,1992,Peru
91,4333,PER,PER,1994,Peru
44,5902,PER,PER,1995,Peru
42,6695,PER,PER,1996,Peru
58,6608,PER,PER,1997,Peru
5,7065,PER,PER,1998,Peru
5,7205,PER,PER,1999,Peru
3,6948,PER,PER,2000,Peru
3,6500,PER,PER,2001,Peru
2,6431,PER,PER,2002,Peru
1,5578,PER,PER,2003,Peru
3,4767,PER,PER,2004,Peru
2,4863,PER,PER,2005,Peru
1,6977,PER,PER,2006,Peru
4,7738,PER,PER,2007,Peru
1,7329,PER,PER,2008,Peru
4,6272,PER,PER,2009,Peru
9,5207,PER,PER,2012,Peru
13,4762,PER,PER,2013,Peru
12,4333,PER,PER,2014,Peru
10,3591,PER,PER,2015,Peru
4,2599,PER,PER,2016,Peru
8,2588,PER,PER,2017,Peru
5,2579,PER,PER,2018,Peru
1,2765,PER,PER,2019,Peru
2,2834,PER,PER,2020,Peru
5,3521,PER,PER,2021,Peru
2,90000,PHL,PHL,1977,Philippines
36,92000,PHL,PHL,1978,Philippines
50,90000,PHL,PHL,1979,Philippines
60,90000,PHL,PHL,1980,Philippines
31,90000,PHL,PHL,1981,Philippines
38,90000,PHL,PHL,1982,Philippines
16,100000,PHL,PHL,1983,Philippines
43,100000,PHL,PHL,1984,Philippines
124,90000,PHL,PHL,1985,Philippines
80,90000,PHL,PHL,1986,Philippines
160,90000,PHL,PHL,1987,Philippines
210,90000,PHL,PHL,1988,Philippines
156,90000,PHL,PHL,1989,Philippines
320,11,PHL,PHL,1990,Philippines
162,15,PHL,PHL,1991,Philippines
162,45,PHL,PHL,1992,Philippines
72,435,PHL,PHL,1994,Philippines
63,515,PHL,PHL,1995,Philippines
61,599,PHL,PHL,1996,Philippines
57,526,PHL,PHL,1997,Philippines
18,45601,PHL,PHL,1998,Philippines
31,45516,PHL,PHL,1999,Philippines
132,45481,PHL,PHL,2000,Philippines
50,45469,PHL,PHL,2001,Philippines
48,45606,PHL,PHL,2002,Philippines
107,409,PHL,PHL,2003,Philippines
31,428,PHL,PHL,2004,Philippines
25,464,PHL,PHL,2005,Philippines
58,888,PHL,PHL,2006,Philippines
65,1550,PHL,PHL,2007,Philippines
276,1348,PHL,PHL,2008,Philippines
229,987,PHL,PHL,2009,Philippines
204,963,PHL,PHL,2010,Philippines
151,945,PHL,PHL,2011,Philippines
249,979,PHL,PHL,2012,Philippines
651,718,PHL,PHL,2013,Philippines
597,660,PHL,PHL,2014,Philippines
721,582,PHL,PHL,2015,Philippines
632,426,PHL,PHL,2016,Philippines
695,445,PHL,PHL,2017,Philippines
601,522,PHL,PHL,2018,Philippines
467,554,PHL,PHL,2019,Philippines
294,469,PHL,PHL,2020,Philippines
104,521,PHL,PHL,2021,Philippines
10,2000,PNG,PNG,1995,Papua New Guinea
10,2006,PNG,PNG,1996,Papua New Guinea
2,806,PNG,PNG,1997,Papua New Guinea
1,12,PNG,PNG,2002,Papua New Guinea
1,33,PNG,PNG,2007,Papua New Guinea
8,406,PNG,PNG,2017,Papua New Guinea
1,150,POL,POL,1971,Poland
1,505,POL,POL,1981,Poland
7,25632,POL,POL,1990,Poland
5,14518,POL,POL,1992,Poland
4,35934,POL,POL,1994,Poland
4,19731,POL,POL,1995,Poland
6,12868,POL,POL,1996,Poland
3,7292,POL,POL,1997,Poland
2,1880,POL,POL,1998,Poland
1,3187,POL,POL,2001,Poland
1,1758,POL,POL,2010,Poland
2,1159,POL,POL,2016,Poland
1,1123,POL,POL,2017,Poland
1,1085,POL,POL,2018,Poland
2,910,POL,POL,2020,Poland
1,25,PRT,PRT,1994,Portugal
3,23,PRT,PRT,1995,Portugal
2,29,PRT,PRT,2011,Portugal
1,27,PRT,PRT,2020,Portugal
4,10,PRY,PRY,1992,Paraguay
2,64,PRY,PRY,1994,Paraguay
12,51,PRY,PRY,1995,Paraguay
6,19,PRY,PRY,1997,Paraguay
1,20,PRY,PRY,1999,Paraguay
2,20,PRY,PRY,2000,Paraguay
2,86,PRY,PRY,2010,Paraguay
4,91,PRY,PRY,2011,Paraguay
4,101,PRY,PRY,2012,Paraguay
10,91,PRY,PRY,2013,Paraguay
15,87,PRY,PRY,2014,Paraguay
19,88,PRY,PRY,2015,Paraguay
15,68,PRY,PRY,2016,Paraguay
10,77,PRY,PRY,2017,Paraguay
4,73,PRY,PRY,2018,Paraguay
2,119,PRY,PRY,2020,Paraguay
3,125,PRY,PRY,2021,Paraguay
1,17,QAT,QAT,1996,Qatar
1,0,QAT,QAT,2000,Qatar
1,0,QAT,QAT,2001,Qatar
1,6,QAT,QAT,2005,Qatar
1,21,QAT,QAT,2015,Qatar
1,962,ROU,ROU,1984,Romania
1,2201,ROU,ROU,1985,Romania
1,27177,ROU,ROU,1991,Romania
1,25118,ROU,ROU,1992,Romania
1,16977,ROU,ROU,1995,Romania
1,4747,ROU,ROU,2008,Romania
21,213802,RUS,RUS,1992,Russian Federation
47,251394,RUS,RUS,1994,Russian Federation
37,207027,RUS,RUS,1995,Russian Federation
66,173722,RUS,RUS,1996,Russian Federation
77,198055,RUS,RUS,1997,Russian Federation
26,172724,RUS,RUS,1998,Russian Federation
54,28319,RUS,RUS,1999,Russian Federation
138,40309,RUS,RUS,2000,Russian Federation
135,45154,RUS,RUS,2001,Russian Federation
89,91625,RUS,RUS,2002,Russian Federation
76,96414,RUS,RUS,2003,Russian Federation
43,108096,RUS,RUS,2004,Russian Federation
64,103037,RUS,RUS,2005,Russian Federation
56,159383,RUS,RUS,2006,Russian Federation
51,93218,RUS,RUS,2007,Russian Federation
170,103061,RUS,RUS,2008,Russian Federation
152,109452,RUS,RUS,2009,Russian Federation
251,111944,RUS,RUS,2010,Russian Federation
188,109783,RUS,RUS,2011,Russian Federation
151,110587,RUS,RUS,2012,Russian Federation
145,74310,RUS,RUS,2013,Russian Federation
48,70552,RUS,RUS,2014,Russian Federation
22,67008,RUS,RUS,2015,Russian Federation
56,62759,RUS,RUS,2016,Russian Federation
34,61584,RUS,RUS,2017,Russian Federation
23,61457,RUS,RUS,2018,Russian Federation
10,62353,RUS,RUS,2019,Russian Federation
12,52742,RUS,RUS,2020,Russian Federation
3,431239,RWA,RWA,1991,Rwanda
18,434731,RWA,RWA,1992,Rwanda
33,2257570,RWA,RWA,1994,Rwanda
17,1819367,RWA,RWA,1995,Rwanda
15,469132,RWA,RWA,1996,Rwanda
33,67996,RWA,RWA,1997,Rwanda
9,77738,RWA,RWA,1998,Rwanda
1,119051,RWA,RWA,2000,Rwanda
2,84508,RWA,RWA,2001,Rwanda
1,100252,RWA,RWA,2005,Rwanda
1,72529,RWA,RWA,2008,Rwanda
1,129108,RWA,RWA,2009,Rwanda
8,115519,RWA,RWA,2010,Rwanda
2,106832,RWA,RWA,2011,Rwanda
6,97357,RWA,RWA,2012,Rwanda
4,83943,RWA,RWA,2013,Rwanda
2,79396,RWA,RWA,2014,Rwanda
1,286063,RWA,RWA,2016,Rwanda
2,258986,RWA,RWA,2017,Rwanda
5,247469,RWA,RWA,2018,Rwanda
3,246407,RWA,RWA,2019,Rwanda
1,245781,RWA,RWA,2020,Rwanda
1,248219,RWA,RWA,2021,Rwanda
2,180,SAU,SAU,1994,Saudi Arabia
3,261,SAU,SAU,1995,Saudi Arabia
1,244,SAU,SAU,1996,Saudi Arabia
5,77,SAU,SAU,2000,Saudi Arabia
3,29,SAU,SAU,2001,Saudi Arabia
2,104,SAU,SAU,2002,Saudi Arabia
8,232,SAU,SAU,2003,Saudi Arabia
17,212,SAU,SAU,2004,Saudi Arabia
1,146,SAU,SAU,2005,Saudi Arabia
3,609,SAU,SAU,2006,Saudi Arabia
1,737,SAU,SAU,2007,Saudi Arabia
3,629,SAU,SAU,2009,Saudi Arabia
2,733,SAU,SAU,2011,Saudi Arabia
6,811,SAU,SAU,2012,Saudi Arabia
6,575,SAU,SAU,2013,Saudi Arabia
14,616,SAU,SAU,2014,Saudi Arabia
104,686,SAU,SAU,2015,Saudi Arabia
134,937,SAU,SAU,2016,Saudi Arabia
57,1219,SAU,SAU,2017,Saudi Arabia
94,1492,SAU,SAU,2018,Saudi Arabia
43,1721,SAU,SAU,2019,Saudi Arabia
60,2003,SAU,SAU,2020,Saudi Arabia
94,2167,SAU,SAU,2021,Saudi Arabia
1,13050,SDN,SDN,1973,Sudan
1,5350,SDN,SDN,1981,Sudan
3,5350,SDN,SDN,1982,Sudan
3,31000,SDN,SDN,1983,Sudan
5,180060,SDN,SDN,1984,Sudan
6,132759,SDN,SDN,1986,Sudan
1,253166,SDN,SDN,1987,Sudan
10,347309,SDN,SDN,1988,Sudan
8,438899,SDN,SDN,1989,Sudan
1,523996,SDN,SDN,1990,Sudan
3,196242,SDN,SDN,1991,Sudan
7,267767,SDN,SDN,1992,Sudan
5,405129,SDN,SDN,1994,Sudan
4,445277,SDN,SDN,1995,Sudan
10,475302,SDN,SDN,1996,Sudan
3,364571,SDN,SDN,1997,Sudan
5,485449,SDN,SDN,1999,Sudan
7,494351,SDN,SDN,2000,Sudan
9,489931,SDN,SDN,2001,Sudan
13,508863,SDN,SDN,2002,Sudan
5,730631,SDN,SDN,2004,Sudan
6,693621,SDN,SDN,2005,Sudan
24,686296,SDN,SDN,2006,Sudan
23,523029,SDN,SDN,2007,Sudan
32,419249,SDN,SDN,2008,Sudan
26,368178,SDN,SDN,2009,Sudan
28,387265,SDN,SDN,2010,Sudan
38,500004,SDN,SDN,2011,Sudan
40,568934,SDN,SDN,2012,Sudan
46,648936,SDN,SDN,2013,Sudan
157,665956,SDN,SDN,2014,Sudan
158,627080,SDN,SDN,2015,Sudan
173,650391,SDN,SDN,2016,Sudan
106,694556,SDN,SDN,2017,Sudan
42,724787,SDN,SDN,2018,Sudan
26,734780,SDN,SDN,2019,Sudan
33,787823,SDN,SDN,2020,Sudan
13,825290,SDN,SDN,2021,Sudan
3,5,SEN,SEN,1988,Senegal
11,60006,SEN,SEN,1990,Senegal
4,25137,SEN,SEN,1991,Senegal
15,15463,SEN,SEN,1992,Senegal
2,25619,SEN,SEN,1994,Senegal
8,17587,SEN,SEN,1995,Senegal
26,17163,SEN,SEN,1997,Senegal
1,9712,SEN,SEN,1998,Senegal
1,11598,SEN,SEN,1999,Senegal
4,11077,SEN,SEN,2000,Senegal
8,8554,SEN,SEN,2001,Senegal
3,12069,SEN,SEN,2002,Senegal
1,8662,SEN,SEN,2005,Senegal
1,15886,SEN,SEN,2007,Senegal
2,16007,SEN,SEN,2008,Senegal
3,16306,SEN,SEN,2009,Senegal
1,16255,SEN,SEN,2010,Senegal
4,17710,SEN,SEN,2011,Senegal
12,18717,SEN,SEN,2012,Senegal
3,19815,SEN,SEN,2013,Senegal
2,23110,SEN,SEN,2014,Senegal
2,21267,SEN,SEN,2015,Senegal
3,18208,SEN,SEN,2018,Senegal
1,17208,SEN,SEN,2019,Senegal
1,8,SGP,SGP,1994,Singapore
1,34,SLB,SLB,1999,Solomon Islands
1,34,SLB,SLB,2000,Solomon Islands
1,55,SLB,SLB,2002,Solomon Islands
1,61,SLB,SLB,2003,Solomon Islands
9,142614,SLE,SLE,1991,Sierra Leone
4,253591,SLE,SLE,1992,Sierra Leone
22,275298,SLE,SLE,1994,Sierra Leone
14,379491,SLE,SLE,1995,Sierra Leone
5,375100,SLE,SLE,1996,Sierra Leone
3,329322,SLE,SLE,1997,Sierra Leone
7,406070,SLE,SLE,1998,Sierra Leone
9,490047,SLE,SLE,1999,Sierra Leone
24,402798,SLE,SLE,2000,Sierra Leone
1,4678,SLE,SLE,2016,Sierra Leone
3,4496,SLE,SLE,2017,Sierra Leone
710,91630,SLV,SLV,1980,El Salvador
664,304810,SLV,SLV,1981,El Salvador
537,242400,SLV,SLV,1982,El Salvador
371,244600,SLV,SLV,1983,El Salvador
273,243000,SLV,SLV,1984,El Salvador
436,180605,SLV,SLV,1985,El Salvador
175,171785,SLV,SLV,1986,El Salvador
234,167605,SLV,SLV,1987,El Salvador
367,166393,SLV,SLV,1988,El Salvador
356,39582,SLV,SLV,1989,El Salvador
184,30019,SLV,SLV,1990,El Salvador
500,33048,SLV,SLV,1991,El Salvador
29,30854,SLV,SLV,1992,El Salvador
21,30736,SLV,SLV,1994,El Salvador
9,23534,SLV,SLV,1995,El Salvador
7,19639,SLV,SLV,1996,El Salvador
2,17124,SLV,SLV,1997,El Salvador
1,52041,SLV,SLV,2021,El Salvador
1,110,SOM,SOM,1975,Somalia
1,134,SOM,SOM,1980,Somalia
8,34,SOM,SOM,1981,Somalia
1,39,SOM,SOM,1983,Somalia
2,639,SOM,SOM,1984,Somalia
1,60162,SOM,SOM,1987,Somalia
2,351993,SOM,SOM,1988,Somalia
2,360309,SOM,SOM,1989,Somalia
12,470174,SOM,SOM,1990,Somalia
8,732596,SOM,SOM,1991,Somalia
21,812196,SOM,SOM,1992,Somalia
57,631420,SOM,SOM,1994,Somalia
13,638695,SOM,SOM,1995,Somalia
16,636984,SOM,SOM,1996,Somalia
19,608086,SOM,SOM,1997,Somalia
1,557953,SOM,SOM,1998,Somalia
4,524604,SOM,SOM,1999,Somalia
9,475644,SOM,SOM,2000,Somalia
5,440120,SOM,SOM,2001,Somalia
3,432304,SOM,SOM,2002,Somalia
1,402329,SOM,SOM,2003,Somalia
1,389287,SOM,SOM,2004,Somalia
6,395544,SOM,SOM,2005,Somalia
10,464026,SOM,SOM,2006,Somalia
156,457345,SOM,SOM,2007,Somalia
172,561145,SOM,SOM,2008,Somalia
122,678296,SOM,SOM,2009,Somalia
130,770141,SOM,SOM,2010,Somalia
185,1077038,SOM,SOM,2011,Somalia
325,1136709,SOM,SOM,2012,Somalia
342,1121760,SOM,SOM,2013,Somalia
872,1106430,SOM,SOM,2014,Somalia
422,1123144,SOM,SOM,2015,Somalia
602,1012320,SOM,SOM,2016,Somalia
617,986386,SOM,SOM,2017,Somalia
527,949637,SOM,SOM,2018,Somalia
361,901596,SOM,SOM,2019,Somalia
280,812356,SOM,SOM,2020,Somalia
125,776678,SOM,SOM,2021,Somalia
39,172506,SRB,SRB,1999,Serbia
60,146749,SRB,SRB,2000,Serbia
17,144231,SRB,SRB,2001,Serbia
5,327582,SRB,SRB,2002,Serbia
9,296627,SRB,SRB,2003,Serbia
1,237015,SRB,SRB,2004,Serbia
8,189985,SRB,SRB,2005,Serbia
6,174022,SRB,SRB,2006,Serbia
5,165636,SRB,SRB,2007,Serbia
15,185930,SRB,SRB,2008,Serbia
4,195625,SRB,SRB,2009,Serbia
2,183284,SRB,SRB,2010,Serbia
1,161664,SRB,SRB,2011,Serbia
7,158903,SRB,SRB,2012,Serbia
6,48725,SRB,SRB,2013,Serbia
4,45730,SRB,SRB,2014,Serbia
2,38620,SRB,SRB,2015,Serbia
8,36928,SRB,SRB,2016,Serbia
9,33246,SRB,SRB,2017,Serbia
4,32368,SRB,SRB,2018,Serbia
3,29976,SRB,SRB,2020,Serbia
2,31735,SRB,SRB,2021,Serbia
5,87007,SSD,SSD,2012,South Sudan
13,114468,SSD,SSD,2013,South Sudan
40,616206,SSD,SSD,2014,South Sudan
54,778722,SSD,SSD,2015,South Sudan
59,1436707,SSD,SSD,2016,South Sudan
54,2439888,SSD,SSD,2017,South Sudan
69,2285301,SSD,SSD,2018,South Sudan
13,2234805,SSD,SSD,2019,South Sudan
16,2188785,SSD,SSD,2020,South Sudan
14,2362759,SSD,SSD,2021,South Sudan
17,6601,SUR,SUR,1989,Suriname
7,6620,SUR,SUR,1990,Suriname
1,5921,SUR,SUR,1991,Suriname
5,2545,SUR,SUR,1992,Suriname
1,915,SUR,SUR,1994,Suriname
2,663,SUR,SUR,1997,Suriname
1,12,SVK,SVK,1994,Slovakia
3,24,SVK,SVK,1995,Slovakia
5,57,SVK,SVK,1996,Slovakia
4,69,SVK,SVK,1997,Slovakia
2,143,SVK,SVK,1998,Slovakia
1,178,SVK,SVK,1999,Slovakia
1,216,SVK,SVK,2000,Slovakia
1,792,SVK,SVK,2016,Slovakia
1,1218,SVK,SVK,2018,Slovakia
1,14829,SVN,SVN,1994,Slovenia
3,3369,SVN,SVN,1996,Slovenia
1,3414,SVN,SVN,1997,Slovenia
1,3278,SVN,SVN,2000,Slovenia
1,11,SWE,SWE,1994,Sweden
1,25,SWE,SWE,1995,Sweden
1,37,SWE,SWE,1996,Sweden
4,39,SWE,SWE,1997,Sweden
2,30,SWE,SWE,1999,Sweden
1,17,SWE,SWE,2000,Sweden
3,75,SWE,SWE,2005,Sweden
1,16,SWE,SWE,2006,Sweden
1,16,SWE,SWE,2008,Sweden
1,15,SWE,SWE,2009,Sweden
3,23,SWE,SWE,2010,Sweden
1,23,SWE,SWE,2011,Sweden
2,21,SWE,SWE,2012,Sweden
5,18,SWE,SWE,2014,Sweden
35,18,SWE,SWE,2015,Sweden
16,13,SWE,SWE,2016,Sweden
18,14,SWE,SWE,2017,Sweden
6,16,SWE,SWE,2018,Sweden
2,13,SWE,SWE,2019,Sweden
3,8,SWE,SWE,2020,Sweden
5,9,SWE,SWE,2021,Sweden
28,500,SYR,SYR,1979,Syrian Arab Republic
33,500,SYR,SYR,1980,Syrian Arab Republic
41,505,SYR,SYR,1981,Syrian Arab Republic
20,505,SYR,SYR,1982,Syrian Arab Republic
1,526,SYR,SYR,1983,Syrian Arab Republic
1,529,SYR,SYR,1984,Syrian Arab Republic
1,2599,SYR,SYR,1985,Syrian Arab Republic
4,534,SYR,SYR,1986,Syrian Arab Republic
1,397,SYR,SYR,1989,Syrian Arab Republic
2,8611,SYR,SYR,1996,Syrian Arab Republic
1,8653,SYR,SYR,1997,Syrian Arab Republic
1,8132,SYR,SYR,1998,Syrian Arab Republic
1,21430,SYR,SYR,2004,Syrian Arab Republic
1,12327,SYR,SYR,2006,Syrian Arab Republic
1,15206,SYR,SYR,2008,Syrian Arab Republic
49,19931,SYR,SYR,2011,Syrian Arab Republic
180,729011,SYR,SYR,2012,Syrian Arab Republic
287,2468323,SYR,SYR,2013,Syrian Arab Republic
333,3887490,SYR,SYR,2014,Syrian Arab Republic
491,4873236,SYR,SYR,2015,Syrian Arab Republic
474,5524511,SYR,SYR,2016,Syrian Arab Republic
250,6310498,SYR,SYR,2017,Syrian Arab Republic
235,6654374,SYR,SYR,2018,Syrian Arab Republic
293,6615249,SYR,SYR,2019,Syrian Arab Republic
256,6702910,SYR,SYR,2020,Syrian Arab Republic
144,6848865,SYR,SYR,2021,Syrian Arab Republic
1,181346,TCD,TCD,1984,Chad
1,212158,TCD,TCD,1985,Chad
1,170078,TCD,TCD,1986,Chad
2,72317,TCD,TCD,1991,Chad
4,66378,TCD,TCD,1992,Chad
1,211968,TCD,TCD,1994,Chad
3,59726,TCD,TCD,1995,Chad
1,58443,TCD,TCD,1996,Chad
1,55026,TCD,TCD,1997,Chad
1,61294,TCD,TCD,1998,Chad
1,58792,TCD,TCD,1999,Chad
4,47340,TCD,TCD,2002,Chad
11,36286,TCD,TCD,2006,Chad
7,55697,TCD,TCD,2007,Chad
8,55083,TCD,TCD,2008,Chad
3,54997,TCD,TCD,2009,Chad
1,53713,TCD,TCD,2010,Chad
1,48236,TCD,TCD,2014,Chad
27,14921,TCD,TCD,2015,Chad
5,14176,TCD,TCD,2016,Chad
6,16325,TCD,TCD,2017,Chad
12,10895,TCD,TCD,2018,Chad
14,11163,TCD,TCD,2019,Chad
15,10388,TCD,TCD,2020,Chad
2,11771,TCD,TCD,2021,Chad
3,5,TGO,TGO,1985,Togo
2,17,TGO,TGO,1991,Togo
27,105,TGO,TGO,1992,Togo
13,167866,TGO,TGO,1994,Togo
1,93152,TGO,TGO,1995,Togo
1,25587,TGO,TGO,1996,Togo
1,51092,TGO,TGO,2005,Togo
10,18,THA,THA,1990,Thailand
8,29,THA,THA,1991,Thailand
25,33,THA,THA,1992,Thailand
24,135,THA,THA,1994,Thailand
12,209,THA,THA,1995,Thailand
19,282,THA,THA,1996,Thailand
20,268,THA,THA,1997,Thailand
4,290,THA,THA,1998,Thailand
4,315,THA,THA,1999,Thailand
4,213,THA,THA,2000,Thailand
14,90,THA,THA,2001,Thailand
12,342,THA,THA,2002,Thailand
6,295,THA,THA,2003,Thailand
44,320,THA,THA,2004,Thailand
155,424,THA,THA,2005,Thailand
202,3323,THA,THA,2006,Thailand
293,2322,THA,THA,2007,Thailand
200,1811,THA,THA,2008,Thailand
298,498,THA,THA,2009,Thailand
253,351,THA,THA,2010,Thailand
182,365,THA,THA,2011,Thailand
280,378,THA,THA,2012,Thailand
472,220,THA,THA,2013,Thailand
423,223,THA,THA,2014,Thailand
278,209,THA,THA,2015,Thailand
329,147,THA,THA,2016,Thailand
179,164,THA,THA,2017,Thailand
182,183,THA,THA,2018,Thailand
130,173,THA,THA,2019,Thailand
39,174,THA,THA,2020,Thailand
27,181,THA,THA,2021,Thailand
17,60008,TJK,TJK,1992,Tajikistan
31,57143,TJK,TJK,1994,Tajikistan
34,58960,TJK,TJK,1995,Tajikistan
22,107508,TJK,TJK,1996,Tajikistan
40,75880,TJK,TJK,1997,Tajikistan
11,56350,TJK,TJK,1998,Tajikistan
4,45166,TJK,TJK,1999,Tajikistan
6,59937,TJK,TJK,2000,Tajikistan
6,56107,TJK,TJK,2001,Tajikistan
1,54753,TJK,TJK,2005,Tajikistan
1,887,TJK,TJK,2007,Tajikistan
1,556,TJK,TJK,2009,Tajikistan
1,573,TJK,TJK,2010,Tajikistan
5,669,TJK,TJK,2012,Tajikistan
1,722,TJK,TJK,2014,Tajikistan
3,790,TJK,TJK,2015,Tajikistan
2,932,TJK,TJK,2016,Tajikistan
2,1369,TJK,TJK,2017,Tajikistan
3,1695,TJK,TJK,2018,Tajikistan
2,1987,TJK,TJK,2019,Tajikistan
1,797,TKM,TKM,2002,Turkmenistan
1,470,TKM,TKM,2014,Turkmenistan
1,12,TTO,TTO,1994,Trinidad and Tobago
4,12,TTO,TTO,1995,Trinidad and Tobago
3,17,TTO,TTO,1996,Trinidad and Tobago
2,61,TTO,TTO,2005,Trinidad and Tobago
1,252,TTO,TTO,2010,Trinidad and Tobago
3,336,TTO,TTO,2013,Trinidad and Tobago
1,369,TTO,TTO,2015,Trinidad and Tobago
1,323,TTO,TTO,2018,Trinidad and Tobago
1,307,TTO,TTO,2019,Trinidad and Tobago
1,295,TTO,TTO,2020,Trinidad and Tobago
2,6,TUN,TUN,1986,Tunisia
4,6,TUN,TUN,1987,Tunisia
2,61,TUN,TUN,1991,Tunisia
1,208,TUN,TUN,1994,Tunisia
1,327,TUN,TUN,1995,Tunisia
1,1205,TUN,TUN,2000,Tunisia
1,1364,TUN,TUN,2001,Tunisia
1,2543,TUN,TUN,2002,Tunisia
1,2488,TUN,TUN,2007,Tunisia
1,2334,TUN,TUN,2008,Tunisia
3,1930,TUN,TUN,2011,Tunisia
3,1918,TUN,TUN,2012,Tunisia
29,1359,TUN,TUN,2013,Tunisia
23,1476,TUN,TUN,2014,Tunisia
19,1554,TUN,TUN,2015,Tunisia
12,1687,TUN,TUN,2016,Tunisia
4,1826,TUN,TUN,2017,Tunisia
19,1985,TUN,TUN,2018,Tunisia
16,2068,TUN,TUN,2019,Tunisia
5,1636,TUN,TUN,2020,Tunisia
4,2201,TUN,TUN,2021,Tunisia
9,250,TUR,TUR,1972,Turkey
189,70,TUR,TUR,1977,Turkey
52,60,TUR,TUR,1978,Turkey
141,60,TUR,TUR,1979,Turkey
5,300,TUR,TUR,1982,Turkey
5,540,TUR,TUR,1983,Turkey
19,1040,TUR,TUR,1984,Turkey
2,810,TUR,TUR,1985,Turkey
7,850,TUR,TUR,1986,Turkey
43,1085,TUR,TUR,1987,Turkey
42,150,TUR,TUR,1988,Turkey
114,2764,TUR,TUR,1989,Turkey
195,5508,TUR,TUR,1990,Turkey
293,6452,TUR,TUR,1991,Turkey
514,10089,TUR,TUR,1992,Turkey
300,28872,TUR,TUR,1994,Turkey
133,44866,TUR,TUR,1995,Turkey
54,50355,TUR,TUR,1996,Turkey
44,47339,TUR,TUR,1997,Turkey
23,45019,TUR,TUR,1998,Turkey
109,44012,TUR,TUR,1999,Turkey
35,47154,TUR,TUR,2000,Turkey
19,47085,TUR,TUR,2001,Turkey
5,193697,TUR,TUR,2002,Turkey
19,185086,TUR,TUR,2003,Turkey
27,174572,TUR,TUR,2004,Turkey
41,170557,TUR,TUR,2005,Turkey
43,227236,TUR,TUR,2006,Turkey
30,221937,TUR,TUR,2007,Turkey
32,214365,TUR,TUR,2008,Turkey
13,146378,TUR,TUR,2009,Turkey
20,146785,TUR,TUR,2010,Turkey
51,139763,TUR,TUR,2011,Turkey
190,135353,TUR,TUR,2012,Turkey
42,66558,TUR,TUR,2013,Turkey
95,63882,TUR,TUR,2014,Turkey
425,59545,TUR,TUR,2015,Turkey
544,57915,TUR,TUR,2016,Turkey
181,61383,TUR,TUR,2017,Turkey
94,68900,TUR,TUR,2018,Turkey
70,83239,TUR,TUR,2019,Turkey
20,93730,TUR,TUR,2020,Turkey
14,105019,TUR,TUR,2021,Turkey
1,600,TZA,TZA,1979,"Tanzania, United Republic of"
1,500,TZA,TZA,1982,"Tanzania, United Republic of"
1,62,TZA,TZA,1994,"Tanzania, United Republic of"
1,69,TZA,TZA,1995,"Tanzania, United Republic of"
1,59,TZA,TZA,1997,"Tanzania, United Republic of"
1,100,TZA,TZA,1998,"Tanzania, United Republic of"
2,310,TZA,TZA,2000,"Tanzania, United Republic of"
4,369,TZA,TZA,2001,"Tanzania, United Republic of"
2,578,TZA,TZA,2002,"Tanzania, United Republic of"
1,982,TZA,TZA,2004,"Tanzania, United Republic of"
1,1262,TZA,TZA,2008,"Tanzania, United Republic of"
1,1135,TZA,TZA,2010,"Tanzania, United Republic of"
7,1033,TZA,TZA,2013,"Tanzania, United Republic of"
11,843,TZA,TZA,2014,"Tanzania, United Republic of"
14,810,TZA,TZA,2015,"Tanzania, United Republic of"
3,579,TZA,TZA,2016,"Tanzania, United Republic of"
6,655,TZA,TZA,2017,"Tanzania, United Republic of"
3,723,TZA,TZA,2018,"Tanzania, United Republic of"
1,695,TZA,TZA,2019,"Tanzania, United Republic of"
8,689,TZA,TZA,2020,"Tanzania, United Republic of"
8,88710,UGA,UGA,1979,Uganda
25,176691,UGA,UGA,1981,Uganda
1,271285,UGA,UGA,1982,Uganda
6,315346,UGA,UGA,1983,Uganda
3,293991,UGA,UGA,1984,Uganda
7,306060,UGA,UGA,1985,Uganda
1,238652,UGA,UGA,1986,Uganda
1,111071,UGA,UGA,1987,Uganda
15,21975,UGA,UGA,1988,Uganda
15,21358,UGA,UGA,1989,Uganda
14,58820,UGA,UGA,1990,Uganda
2,39386,UGA,UGA,1991,Uganda
3,32456,UGA,UGA,1992,Uganda
13,31446,UGA,UGA,1994,Uganda
7,24161,UGA,UGA,1995,Uganda
29,28335,UGA,UGA,1996,Uganda
24,55232,UGA,UGA,1997,Uganda
18,13294,UGA,UGA,1998,Uganda
19,13929,UGA,UGA,1999,Uganda
20,32405,UGA,UGA,2000,Uganda
24,40133,UGA,UGA,2001,Uganda
24,40414,UGA,UGA,2002,Uganda
30,35240,UGA,UGA,2003,Uganda
10,31955,UGA,UGA,2004,Uganda
11,34208,UGA,UGA,2005,Uganda
1,21325,UGA,UGA,2007,Uganda
7,7533,UGA,UGA,2008,Uganda
2,7543,UGA,UGA,2009,Uganda
6,6421,UGA,UGA,2010,Uganda
4,5588,UGA,UGA,2012,Uganda
6,7177,UGA,UGA,2014,Uganda
10,6311,UGA,UGA,2015,Uganda
15,6229,UGA,UGA,2016,Uganda
13,6409,UGA,UGA,2017,Uganda
10,7034,UGA,UGA,2018,Uganda
4,7301,UGA,UGA,2019,Uganda
5,7442,UGA,UGA,2020,Uganda
11,7887,UGA,UGA,2021,Uganda
1,39,UKR,UKR,1992,Ukraine
10,917,UKR,UKR,1994,Ukraine
2,1702,UKR,UKR,1995,Ukraine
3,6106,UKR,UKR,1996,Ukraine
2,6348,UKR,UKR,1997,Ukraine
6,12235,UKR,UKR,1999,Ukraine
1,19310,UKR,UKR,2000,Ukraine
3,85258,UKR,UKR,2002,Ukraine
1,94141,UKR,UKR,2003,Ukraine
1,25980,UKR,UKR,2007,Ukraine
1,28416,UKR,UKR,2008,Ukraine
2,24512,UKR,UKR,2009,Ukraine
4,25102,UKR,UKR,2010,Ukraine
3,25372,UKR,UKR,2011,Ukraine
8,25248,UKR,UKR,2012,Ukraine
5,5154,UKR,UKR,2013,Ukraine
896,237617,UKR,UKR,2014,Ukraine
638,321399,UKR,UKR,2015,Ukraine
62,239062,UKR,UKR,2016,Ukraine
62,139581,UKR,UKR,2017,Ukraine
36,93248,UKR,UKR,2018,Ukraine
31,59844,UKR,UKR,2019,Ukraine
38,35156,UKR,UKR,2020,Ukraine
10,27562,UKR,UKR,2021,Ukraine
4,165,URY,URY,1984,Uruguay
2,537,URY,URY,1985,Uruguay
2,47,URY,URY,1986,Uruguay
1,203,URY,URY,1989,Uruguay
1,843,URY,URY,1990,Uruguay
3,601,URY,URY,1991,Uruguay
11,431,URY,URY,1992,Uruguay
4,363,URY,URY,1994,Uruguay
1,263,URY,URY,1995,Uruguay
1,202,URY,URY,1996,Uruguay
2,87,URY,URY,1997,Uruguay
1,107,URY,URY,2005,Uruguay
1,23,URY,URY,2016,Uruguay
31,8,USA,USA,1991,United States
32,8,USA,USA,1992,United States
55,364,USA,USA,1994,United States
60,243,USA,USA,1995,United States
35,141,USA,USA,1996,United States
42,75,USA,USA,1997,United States
31,50,USA,USA,1998,United States
54,38,USA,USA,1999,United States
42,173,USA,USA,2000,United States
47,220,USA,USA,2001,United States
33,383,USA,USA,2002,United States
35,394,USA,USA,2003,United States
9,451,USA,USA,2004,United States
21,676,USA,USA,2005,United States
6,1353,USA,USA,2006,United States
11,2164,USA,USA,2007,United States
18,2126,USA,USA,2008,United States
12,2367,USA,USA,2009,United States
19,3019,USA,USA,2010,United States
9,3775,USA,USA,2011,United States
20,4454,USA,USA,2012,United States
20,4755,USA,USA,2013,United States
29,4980,USA,USA,2014,United States
41,4824,USA,USA,2015,United States
68,302,USA,USA,2016,United States
66,310,USA,USA,2017,United States
76,332,USA,USA,2018,United States
72,297,USA,USA,2019,United States
103,349,USA,USA,2020,United States
26,426,USA,USA,2021,United States
1,142,UZB,UZB,1995,Uzbekistan
8,45527,UZB,UZB,1999,Uzbekistan
5,7292,UZB,UZB,2004,Uzbekistan
2,8322,UZB,UZB,2005,Uzbekistan
2,6662,UZB,UZB,2009,Uzbekistan
1,4197,UZB,UZB,2015,Uzbekistan
32,5,VEN,VEN,1992,"Venezuela, Bolivarian Republic of"
12,370,VEN,VEN,1994,"Venezuela, Bolivarian Republic of"
11,478,VEN,VEN,1995,"Venezuela, Bolivarian Republic of"
12,558,VEN,VEN,1996,"Venezuela, Bolivarian Republic of"
41,606,VEN,VEN,1997,"Venezuela, Bolivarian Republic of"
1,568,VEN,VEN,1998,"Venezuela, Bolivarian Republic of"
5,554,VEN,VEN,1999,"Venezuela, Bolivarian Republic of"
5,464,VEN,VEN,2001,"Venezuela, Bolivarian Republic of"
5,525,VEN,VEN,2002,"Venezuela, Bolivarian Republic of"
8,598,VEN,VEN,2003,"Venezuela, Bolivarian Republic of"
2,5089,VEN,VEN,2007,"Venezuela, Bolivarian Republic of"
1,5801,VEN,VEN,2008,"Venezuela, Bolivarian Republic of"
3,6216,VEN,VEN,2009,"Venezuela, Bolivarian Republic of"
1,8204,VEN,VEN,2012,"Venezuela, Bolivarian Republic of"
1,8396,VEN,VEN,2013,"Venezuela, Bolivarian Republic of"
4,8009,VEN,VEN,2014,"Venezuela, Bolivarian Republic of"
3,7455,VEN,VEN,2015,"Venezuela, Bolivarian Republic of"
6,7543,VEN,VEN,2016,"Venezuela, Bolivarian Republic of"
17,9272,VEN,VEN,2017,"Venezuela, Bolivarian Republic of"
11,21047,VEN,VEN,2018,"Venezuela, Bolivarian Republic of"
9,93239,VEN,VEN,2019,"Venezuela, Bolivarian Republic of"
7,171112,VEN,VEN,2020,"Venezuela, Bolivarian Republic of"
12,199202,VEN,VEN,2021,"Venezuela, Bolivarian Republic of"
1,517111,VNM,VNM,1992,Viet Nam
1,539095,VNM,VNM,1994,Viet Nam
1,543536,VNM,VNM,1995,Viet Nam
1,518335,VNM,VNM,1996,Viet Nam
2,476795,VNM,VNM,1997,Viet Nam
4,353211,VNM,VNM,2001,Viet Nam
2,334064,VNM,VNM,2017,Viet Nam
1,334464,VNM,VNM,2018,Viet Nam
5,74,YEM,YEM,1991,Yemen
24,31,YEM,YEM,1992,Yemen
19,151,YEM,YEM,1994,Yemen
8,366,YEM,YEM,1995,Yemen
8,1154,YEM,YEM,1996,Yemen
19,1721,YEM,YEM,1997,Yemen
7,1928,YEM,YEM,1998,Yemen
17,2021,YEM,YEM,1999,Yemen
10,2104,YEM,YEM,2000,Yemen
7,1976,YEM,YEM,2001,Yemen
7,1595,YEM,YEM,2002,Yemen
7,1588,YEM,YEM,2003,Yemen
7,1322,YEM,YEM,2005,Yemen
5,1364,YEM,YEM,2006,Yemen
7,1621,YEM,YEM,2007,Yemen
22,1764,YEM,YEM,2008,Yemen
23,1927,YEM,YEM,2009,Yemen
112,2070,YEM,YEM,2010,Yemen
118,2321,YEM,YEM,2011,Yemen
313,2582,YEM,YEM,2012,Yemen
435,2413,YEM,YEM,2013,Yemen
814,2623,YEM,YEM,2014,Yemen
818,15901,YEM,YEM,2015,Yemen
917,18427,YEM,YEM,2016,Yemen
531,23555,YEM,YEM,2017,Yemen
498,31145,YEM,YEM,2018,Yemen
795,36522,YEM,YEM,2019,Yemen
474,32433,YEM,YEM,2020,Yemen
290,37615,YEM,YEM,2021,Yemen
1,1380,ZAF,ZAF,1974,South Africa
1,2180,ZAF,ZAF,1976,South Africa
15,2395,ZAF,ZAF,1977,South Africa
9,3840,ZAF,ZAF,1978,South Africa
16,7280,ZAF,ZAF,1979,South Africa
23,24250,ZAF,ZAF,1980,South Africa
42,24900,ZAF,ZAF,1981,South Africa
26,28430,ZAF,ZAF,1982,South Africa
56,34520,ZAF,ZAF,1983,South Africa
60,38560,ZAF,ZAF,1984,South Africa
106,38110,ZAF,ZAF,1985,South Africa
159,33220,ZAF,ZAF,1986,South Africa
133,26150,ZAF,ZAF,1987,South Africa
245,24906,ZAF,ZAF,1988,South Africa
149,17135,ZAF,ZAF,1989,South Africa
154,14781,ZAF,ZAF,1990,South Africa
127,11205,ZAF,ZAF,1991,South Africa
271,9241,ZAF,ZAF,1992,South Africa
174,1514,ZAF,ZAF,1994,South Africa
32,492,ZAF,ZAF,1995,South Africa
47,286,ZAF,ZAF,1996,South Africa
17,241,ZAF,ZAF,1997,South Africa
6,184,ZAF,ZAF,1998,South Africa
17,190,ZAF,ZAF,1999,South Africa
21,168,ZAF,ZAF,2000,South Africa
8,271,ZAF,ZAF,2002,South Africa
2,474,ZAF,ZAF,2007,South Africa
1,449,ZAF,ZAF,2008,South Africa
4,413,ZAF,ZAF,2012,South Africa
13,424,ZAF,ZAF,2013,South Africa
20,422,ZAF,ZAF,2014,South Africa
5,447,ZAF,ZAF,2015,South Africa
27,452,ZAF,ZAF,2016,South Africa
29,461,ZAF,ZAF,2017,South Africa
41,482,ZAF,ZAF,2018,South Africa
23,441,ZAF,ZAF,2019,South Africa
17,474,ZAF,ZAF,2020,South Africa
15,643,ZAF,ZAF,2021,South Africa
1,750,ZMB,ZMB,1971,Zambia
1,750,ZMB,ZMB,1973,Zambia
1,750,ZMB,ZMB,1975,Zambia
1,1000,ZMB,ZMB,1979,Zambia
1,1200,ZMB,ZMB,1981,Zambia
1,22,ZMB,ZMB,1995,Zambia
4,39,ZMB,ZMB,1996,Zambia
7,86,ZMB,ZMB,1999,Zambia
8,91,ZMB,ZMB,2000,Zambia
1,84,ZMB,ZMB,2002,Zambia
2,260,ZMB,ZMB,2017,Zambia
1,255,ZMB,ZMB,2021,Zambia
14,160,ZWE,ZWE,1980,Zimbabwe
9,190,ZWE,ZWE,1981,Zimbabwe
6,3200,ZWE,ZWE,1983,Zimbabwe
3,3760,ZWE,ZWE,1984,Zimbabwe
1,4250,ZWE,ZWE,1985,Zimbabwe
1,3230,ZWE,ZWE,1986,Zimbabwe
11,3830,ZWE,ZWE,1987,Zimbabwe
1,629,ZWE,ZWE,1988,Zimbabwe
3,5,ZWE,ZWE,1989,Zimbabwe
6,5,ZWE,ZWE,1990,Zimbabwe
1,128,ZWE,ZWE,1991,Zimbabwe
1,8,ZWE,ZWE,1992,Zimbabwe
1,38,ZWE,ZWE,1994,Zimbabwe
2,37,ZWE,ZWE,1995,Zimbabwe
1,109,ZWE,ZWE,2000,Zimbabwe
3,257,ZWE,ZWE,2001,Zimbabwe
8,4024,ZWE,ZWE,2002,Zimbabwe
1,7154,ZWE,ZWE,2003,Zimbabwe
1,12774,ZWE,ZWE,2006,Zimbabwe
1,14366,ZWE,ZWE,2007,Zimbabwe
5,16824,ZWE,ZWE,2008,Zimbabwe
1,24080,ZWE,ZWE,2010,Zimbabwe
1,25033,ZWE,ZWE,2011,Zimbabwe
3,19719,ZWE,ZWE,2013,Zimbabwe
1,22478,ZWE,ZWE,2014,Zimbabwe
3,17420,ZWE,ZWE,2017,Zimbabwe
2,15618,ZWE,ZWE,2018,Zimbabwe
2,10045,ZWE,ZWE,2019,Zimbabwe
1,8575,ZWE,ZWE,2020,Zimbabwe
